id,date,state_code,state_name,actual,rfs,normal,deviation,year,month,day,monsoon_season,lag_1,lag_7,lag_30,rolling_7_mean,rolling_30_mean,dry_streak
198149,2024-07-02,35,Andaman And Nicobar Islands,0.0,0.0,10.03,0.0,2024,7,2,1,0.0,0.0,0.0,0.0,0.0,5661
198184,2024-07-03,35,Andaman And Nicobar Islands,0.0,0.0,9.59,0.0,2024,7,3,1,0.0,0.0,0.0,0.0,0.0,5662
198219,2024-07-04,35,Andaman And Nicobar Islands,0.0,0.0,8.61,0.0,2024,7,4,1,0.0,0.0,0.0,0.0,0.0,5663
198254,2024-07-05,35,Andaman And Nicobar Islands,0.0,0.0,9.6,0.0,2024,7,5,1,0.0,0.0,0.0,0.0,0.0,5664
198289,2024-07-06,35,Andaman And Nicobar Islands,0.0,0.0,10.88,0.0,2024,7,6,1,0.0,0.0,0.0,0.0,0.0,5665
198324,2024-07-07,35,Andaman And Nicobar Islands,0.0,0.0,9.82,0.0,2024,7,7,1,0.0,0.0,0.0,0.0,0.0,5666
198359,2024-07-08,35,Andaman And Nicobar Islands,0.0,0.0,7.96,0.0,2024,7,8,1,0.0,0.0,0.0,0.0,0.0,5667
198394,2024-07-09,35,Andaman And Nicobar Islands,0.0,0.0,9.06,0.0,2024,7,9,1,0.0,0.0,0.0,0.0,0.0,5668
198429,2024-07-10,35,Andaman And Nicobar Islands,0.0,0.0,9.94,0.0,2024,7,10,1,0.0,0.0,0.0,0.0,0.0,5669
198464,2024-07-11,35,Andaman And Nicobar Islands,0.0,0.0,9.02,0.0,2024,7,11,1,0.0,0.0,0.0,0.0,0.0,5670
198499,2024-07-12,35,Andaman And Nicobar Islands,0.0,0.0,11.26,0.0,2024,7,12,1,0.0,0.0,0.0,0.0,0.0,5671
198534,2024-07-13,35,Andaman And Nicobar Islands,0.0,0.0,13.3,0.0,2024,7,13,1,0.0,0.0,0.0,0.0,0.0,5672
198569,2024-07-14,35,Andaman And Nicobar Islands,0.0,0.0,11.45,0.0,2024,7,14,1,0.0,0.0,0.0,0.0,0.0,5673
198604,2024-07-15,35,Andaman And Nicobar Islands,0.0,0.0,11.77,0.0,2024,7,15,1,0.0,0.0,0.0,0.0,0.0,5674
198639,2024-07-16,35,Andaman And Nicobar Islands,0.0,0.0,10.31,0.0,2024,7,16,1,0.0,0.0,0.0,0.0,0.0,5675
198674,2024-07-17,35,Andaman And Nicobar Islands,0.0,0.0,10.73,0.0,2024,7,17,1,0.0,0.0,0.0,0.0,0.0,5676
198709,2024-07-18,35,Andaman And Nicobar Islands,0.0,0.0,10.03,0.0,2024,7,18,1,0.0,0.0,0.0,0.0,0.0,5677
198744,2024-07-19,35,Andaman And Nicobar Islands,0.0,0.0,13.47,0.0,2024,7,19,1,0.0,0.0,0.0,0.0,0.0,5678
198779,2024-07-20,35,Andaman And Nicobar Islands,0.0,0.0,11.77,0.0,2024,7,20,1,0.0,0.0,0.0,0.0,0.0,5679
198814,2024-07-21,35,Andaman And Nicobar Islands,0.0,0.0,13.2,0.0,2024,7,21,1,0.0,0.0,0.0,0.0,0.0,5680
198849,2024-07-22,35,Andaman And Nicobar Islands,0.0,0.0,15.23,0.0,2024,7,22,1,0.0,0.0,0.0,0.0,0.0,5681
198884,2024-07-23,35,Andaman And Nicobar Islands,0.0,0.0,11.21,0.0,2024,7,23,1,0.0,0.0,0.0,0.0,0.0,5682
198919,2024-07-24,35,Andaman And Nicobar Islands,0.0,0.0,9.26,0.0,2024,7,24,1,0.0,0.0,0.0,0.0,0.0,5683
198954,2024-07-25,35,Andaman And Nicobar Islands,0.0,0.0,8.01,0.0,2024,7,25,1,0.0,0.0,0.0,0.0,0.0,5684
198989,2024-07-26,35,Andaman And Nicobar Islands,0.0,0.0,12.05,0.0,2024,7,26,1,0.0,0.0,0.0,0.0,0.0,5685
199024,2024-07-27,35,Andaman And Nicobar Islands,0.0,0.0,12.42,0.0,2024,7,27,1,0.0,0.0,0.0,0.0,0.0,5686
199059,2024-07-28,35,Andaman And Nicobar Islands,0.0,0.0,13.6,0.0,2024,7,28,1,0.0,0.0,0.0,0.0,0.0,5687
199094,2024-07-29,35,Andaman And Nicobar Islands,0.0,0.0,13.01,0.0,2024,7,29,1,0.0,0.0,0.0,0.0,0.0,5688
199129,2024-07-30,35,Andaman And Nicobar Islands,0.0,0.0,12.17,0.0,2024,7,30,1,0.0,0.0,0.0,0.0,0.0,5689
199164,2024-07-31,35,Andaman And Nicobar Islands,0.0,0.0,10.44,0.0,2024,7,31,1,0.0,0.0,0.0,0.0,0.0,5690
198146,2024-07-02,28,Andhra Pradesh,0.0,0.0,3.58,0.0,2024,7,2,1,0.0,0.0,0.0,0.0,0.0,103
198181,2024-07-03,28,Andhra Pradesh,0.0,0.0,3.42,0.0,2024,7,3,1,0.0,0.0,0.0,0.0,0.0,104
198216,2024-07-04,28,Andhra Pradesh,0.0,0.0,3.99,0.0,2024,7,4,1,0.0,0.0,0.0,0.0,0.0,105
198251,2024-07-05,28,Andhra Pradesh,0.0,0.0,4.27,0.0,2024,7,5,1,0.0,0.0,0.0,0.0,0.0,106
198286,2024-07-06,28,Andhra Pradesh,0.0,0.0,4.63,0.0,2024,7,6,1,0.0,0.0,0.0,0.0,0.0,107
198321,2024-07-07,28,Andhra Pradesh,0.0,0.0,4.33,0.0,2024,7,7,1,0.0,0.0,0.0,0.0,0.0,108
198356,2024-07-08,28,Andhra Pradesh,0.0,0.0,3.33,0.0,2024,7,8,1,0.0,0.0,0.0,0.0,0.0,109
198391,2024-07-09,28,Andhra Pradesh,0.0,0.0,3.41,0.0,2024,7,9,1,0.0,0.0,0.0,0.0,0.0,110
198426,2024-07-10,28,Andhra Pradesh,0.0,0.0,2.86,0.0,2024,7,10,1,0.0,0.0,0.0,0.0,0.0,111
198461,2024-07-11,28,Andhra Pradesh,0.0,0.0,3.55,0.0,2024,7,11,1,0.0,0.0,0.0,0.0,0.0,112
198496,2024-07-12,28,Andhra Pradesh,0.0,0.0,4.68,0.0,2024,7,12,1,0.0,0.0,0.0,0.0,0.0,113
198531,2024-07-13,28,Andhra Pradesh,0.0,0.0,3.24,0.0,2024,7,13,1,0.0,0.0,0.0,0.0,0.0,114
198566,2024-07-14,28,Andhra Pradesh,0.0,0.0,3.35,0.0,2024,7,14,1,0.0,0.0,0.0,0.0,0.0,115
198601,2024-07-15,28,Andhra Pradesh,0.0,0.0,3.46,0.0,2024,7,15,1,0.0,0.0,0.0,0.0,0.0,116
198636,2024-07-16,28,Andhra Pradesh,0.0,0.0,4.06,0.0,2024,7,16,1,0.0,0.0,0.0,0.0,0.0,117
198671,2024-07-17,28,Andhra Pradesh,0.0,0.0,4.02,0.0,2024,7,17,1,0.0,0.0,0.0,0.0,0.0,118
198706,2024-07-18,28,Andhra Pradesh,0.0,0.0,4.38,0.0,2024,7,18,1,0.0,0.0,0.0,0.0,0.0,119
198741,2024-07-19,28,Andhra Pradesh,0.0,0.0,3.97,0.0,2024,7,19,1,0.0,0.0,0.0,0.0,0.0,120
198776,2024-07-20,28,Andhra Pradesh,0.0,0.0,3.79,0.0,2024,7,20,1,0.0,0.0,0.0,0.0,0.0,121
198811,2024-07-21,28,Andhra Pradesh,0.0,0.0,4.61,0.0,2024,7,21,1,0.0,0.0,0.0,0.0,0.0,122
198846,2024-07-22,28,Andhra Pradesh,0.0,0.0,5.52,0.0,2024,7,22,1,0.0,0.0,0.0,0.0,0.0,123
198881,2024-07-23,28,Andhra Pradesh,0.0,0.0,5.9,0.0,2024,7,23,1,0.0,0.0,0.0,0.0,0.0,124
198916,2024-07-24,28,Andhra Pradesh,0.0,0.0,6.42,0.0,2024,7,24,1,0.0,0.0,0.0,0.0,0.0,125
198951,2024-07-25,28,Andhra Pradesh,0.0,0.0,5.95,0.0,2024,7,25,1,0.0,0.0,0.0,0.0,0.0,126
198986,2024-07-26,28,Andhra Pradesh,0.0,0.0,4.01,0.0,2024,7,26,1,0.0,0.0,0.0,0.0,0.0,127
199021,2024-07-27,28,Andhra Pradesh,0.0,0.0,3.91,0.0,2024,7,27,1,0.0,0.0,0.0,0.0,0.0,128
199056,2024-07-28,28,Andhra Pradesh,0.0,0.0,4.63,0.0,2024,7,28,1,0.0,0.0,0.0,0.0,0.0,129
199091,2024-07-29,28,Andhra Pradesh,0.0,0.0,3.91,0.0,2024,7,29,1,0.0,0.0,0.0,0.0,0.0,130
199126,2024-07-30,28,Andhra Pradesh,0.0,0.0,4.44,0.0,2024,7,30,1,0.0,0.0,0.0,0.0,0.0,131
199161,2024-07-31,28,Andhra Pradesh,0.0,0.0,4.98,0.0,2024,7,31,1,0.0,0.0,0.0,0.0,0.0,132
198147,2024-07-02,12,Arunachal Pradesh,0.0,0.0,19.69,0.0,2024,7,2,1,0.0,0.0,0.0,0.0,0.0,105
198182,2024-07-03,12,Arunachal Pradesh,0.0,0.0,22.05,0.0,2024,7,3,1,0.0,0.0,0.0,0.0,0.0,106
198217,2024-07-04,12,Arunachal Pradesh,0.0,0.0,21.79,0.0,2024,7,4,1,0.0,0.0,0.0,0.0,0.0,107
198252,2024-07-05,12,Arunachal Pradesh,0.0,0.0,17.08,0.0,2024,7,5,1,0.0,0.0,0.0,0.0,0.0,108
198287,2024-07-06,12,Arunachal Pradesh,0.0,0.0,16.29,0.0,2024,7,6,1,0.0,0.0,0.0,0.0,0.0,109
198322,2024-07-07,12,Arunachal Pradesh,0.0,0.0,20.22,0.0,2024,7,7,1,0.0,0.0,0.0,0.0,0.0,110
198357,2024-07-08,12,Arunachal Pradesh,0.0,0.0,17.97,0.0,2024,7,8,1,0.0,0.0,0.0,0.0,0.0,111
198392,2024-07-09,12,Arunachal Pradesh,0.0,0.0,12.83,0.0,2024,7,9,1,0.0,0.0,0.0,0.0,0.0,112
198427,2024-07-10,12,Arunachal Pradesh,0.0,0.0,16.53,0.0,2024,7,10,1,0.0,0.0,0.0,0.0,0.0,113
198462,2024-07-11,12,Arunachal Pradesh,0.0,0.0,19.84,0.0,2024,7,11,1,0.0,0.0,0.0,0.0,0.0,114
198497,2024-07-12,12,Arunachal Pradesh,0.0,0.0,20.4,0.0,2024,7,12,1,0.0,0.0,0.0,0.0,0.0,115
198532,2024-07-13,12,Arunachal Pradesh,0.0,0.0,22.79,0.0,2024,7,13,1,0.0,0.0,0.0,0.0,0.0,116
198567,2024-07-14,12,Arunachal Pradesh,0.0,0.0,22.72,0.0,2024,7,14,1,0.0,0.0,0.0,0.0,0.0,117
198602,2024-07-15,12,Arunachal Pradesh,0.0,0.0,24.3,0.0,2024,7,15,1,0.0,0.0,0.0,0.0,0.0,118
198637,2024-07-16,12,Arunachal Pradesh,0.0,0.0,21.75,0.0,2024,7,16,1,0.0,0.0,0.0,0.0,0.0,119
198672,2024-07-17,12,Arunachal Pradesh,0.0,0.0,24.15,0.0,2024,7,17,1,0.0,0.0,0.0,0.0,0.0,120
198707,2024-07-18,12,Arunachal Pradesh,0.0,0.0,20.88,0.0,2024,7,18,1,0.0,0.0,0.0,0.0,0.0,121
198742,2024-07-19,12,Arunachal Pradesh,0.0,0.0,20.02,0.0,2024,7,19,1,0.0,0.0,0.0,0.0,0.0,122
198777,2024-07-20,12,Arunachal Pradesh,0.0,0.0,16.39,0.0,2024,7,20,1,0.0,0.0,0.0,0.0,0.0,123
198812,2024-07-21,12,Arunachal Pradesh,0.0,0.0,19.46,0.0,2024,7,21,1,0.0,0.0,0.0,0.0,0.0,124
198847,2024-07-22,12,Arunachal Pradesh,0.0,0.0,21.33,0.0,2024,7,22,1,0.0,0.0,0.0,0.0,0.0,125
198882,2024-07-23,12,Arunachal Pradesh,0.0,0.0,21.41,0.0,2024,7,23,1,0.0,0.0,0.0,0.0,0.0,126
198917,2024-07-24,12,Arunachal Pradesh,0.0,0.0,21.28,0.0,2024,7,24,1,0.0,0.0,0.0,0.0,0.0,127
198952,2024-07-25,12,Arunachal Pradesh,0.0,0.0,20.84,0.0,2024,7,25,1,0.0,0.0,0.0,0.0,0.0,128
198987,2024-07-26,12,Arunachal Pradesh,0.0,0.0,19.74,0.0,2024,7,26,1,0.0,0.0,0.0,0.0,0.0,129
199022,2024-07-27,12,Arunachal Pradesh,0.0,0.0,21.37,0.0,2024,7,27,1,0.0,0.0,0.0,0.0,0.0,130
199057,2024-07-28,12,Arunachal Pradesh,0.0,0.0,19.97,0.0,2024,7,28,1,0.0,0.0,0.0,0.0,0.0,131
199092,2024-07-29,12,Arunachal Pradesh,0.0,0.0,19.19,0.0,2024,7,29,1,0.0,0.0,0.0,0.0,0.0,132
199127,2024-07-30,12,Arunachal Pradesh,0.0,0.0,19.09,0.0,2024,7,30,1,0.0,0.0,0.0,0.0,0.0,133
199162,2024-07-31,12,Arunachal Pradesh,0.0,0.0,19.49,0.0,2024,7,31,1,0.0,0.0,0.0,0.0,0.0,134
198136,2024-07-02,18,Assam,0.0,0.0,14.56,0.0,2024,7,2,1,0.0,0.0,0.0,0.0,0.0,103
198171,2024-07-03,18,Assam,0.0,0.0,14.09,0.0,2024,7,3,1,0.0,0.0,0.0,0.0,0.0,104
198206,2024-07-04,18,Assam,0.0,0.0,12.85,0.0,2024,7,4,1,0.0,0.0,0.0,0.0,0.0,105
198241,2024-07-05,18,Assam,0.0,0.0,13.66,0.0,2024,7,5,1,0.0,0.0,0.0,0.0,0.0,106
198276,2024-07-06,18,Assam,0.0,0.0,13.43,0.0,2024,7,6,1,0.0,0.0,0.0,0.0,0.0,107
198311,2024-07-07,18,Assam,0.0,0.0,12.95,0.0,2024,7,7,1,0.0,0.0,0.0,0.0,0.0,108
198346,2024-07-08,18,Assam,0.0,0.0,15.34,0.0,2024,7,8,1,0.0,0.0,0.0,0.0,0.0,109
198381,2024-07-09,18,Assam,0.0,0.0,15.34,0.0,2024,7,9,1,0.0,0.0,0.0,0.0,0.0,110
198416,2024-07-10,18,Assam,0.0,0.0,14.27,0.0,2024,7,10,1,0.0,0.0,0.0,0.0,0.0,111
198451,2024-07-11,18,Assam,0.0,0.0,13.73,0.0,2024,7,11,1,0.0,0.0,0.0,0.0,0.0,112
198486,2024-07-12,18,Assam,0.0,0.0,14.56,0.0,2024,7,12,1,0.0,0.0,0.0,0.0,0.0,113
198521,2024-07-13,18,Assam,0.0,0.0,12.89,0.0,2024,7,13,1,0.0,0.0,0.0,0.0,0.0,114
198556,2024-07-14,18,Assam,0.0,0.0,12.21,0.0,2024,7,14,1,0.0,0.0,0.0,0.0,0.0,115
198591,2024-07-15,18,Assam,0.0,0.0,13.33,0.0,2024,7,15,1,0.0,0.0,0.0,0.0,0.0,116
198626,2024-07-16,18,Assam,0.0,0.0,13.09,0.0,2024,7,16,1,0.0,0.0,0.0,0.0,0.0,117
198661,2024-07-17,18,Assam,0.0,0.0,13.68,0.0,2024,7,17,1,0.0,0.0,0.0,0.0,0.0,118
198696,2024-07-18,18,Assam,0.0,0.0,13.26,0.0,2024,7,18,1,0.0,0.0,0.0,0.0,0.0,119
198731,2024-07-19,18,Assam,0.0,0.0,11.84,0.0,2024,7,19,1,0.0,0.0,0.0,0.0,0.0,120
198766,2024-07-20,18,Assam,0.0,0.0,11.07,0.0,2024,7,20,1,0.0,0.0,0.0,0.0,0.0,121
198801,2024-07-21,18,Assam,0.0,0.0,13.28,0.0,2024,7,21,1,0.0,0.0,0.0,0.0,0.0,122
198836,2024-07-22,18,Assam,0.0,0.0,14.59,0.0,2024,7,22,1,0.0,0.0,0.0,0.0,0.0,123
198871,2024-07-23,18,Assam,0.0,0.0,12.98,0.0,2024,7,23,1,0.0,0.0,0.0,0.0,0.0,124
198906,2024-07-24,18,Assam,0.0,0.0,15.59,0.0,2024,7,24,1,0.0,0.0,0.0,0.0,0.0,125
198941,2024-07-25,18,Assam,0.0,0.0,13.99,0.0,2024,7,25,1,0.0,0.0,0.0,0.0,0.0,126
198976,2024-07-26,18,Assam,0.0,0.0,15.3,0.0,2024,7,26,1,0.0,0.0,0.0,0.0,0.0,127
199011,2024-07-27,18,Assam,0.0,0.0,13.54,0.0,2024,7,27,1,0.0,0.0,0.0,0.0,0.0,128
199046,2024-07-28,18,Assam,0.0,0.0,12.36,0.0,2024,7,28,1,0.0,0.0,0.0,0.0,0.0,129
199081,2024-07-29,18,Assam,0.0,0.0,12.87,0.0,2024,7,29,1,0.0,0.0,0.0,0.0,0.0,130
199116,2024-07-30,18,Assam,0.0,0.0,11.43,0.0,2024,7,30,1,0.0,0.0,0.0,0.0,0.0,131
199151,2024-07-31,18,Assam,0.0,0.0,11.19,0.0,2024,7,31,1,0.0,0.0,0.0,0.0,0.0,132
198161,2024-07-02,10,Bihar,0.0,0.0,11.15,0.0,2024,7,2,1,0.0,0.0,0.0,0.0,0.0,103
198196,2024-07-03,10,Bihar,0.0,0.0,10.23,0.0,2024,7,3,1,0.0,0.0,0.0,0.0,0.0,104
198231,2024-07-04,10,Bihar,0.0,0.0,9.67,0.0,2024,7,4,1,0.0,0.0,0.0,0.0,0.0,105
198266,2024-07-05,10,Bihar,0.0,0.0,8.67,0.0,2024,7,5,1,0.0,0.0,0.0,0.0,0.0,106
198301,2024-07-06,10,Bihar,0.0,0.0,9.93,0.0,2024,7,6,1,0.0,0.0,0.0,0.0,0.0,107
198336,2024-07-07,10,Bihar,0.0,0.0,11.5,0.0,2024,7,7,1,0.0,0.0,0.0,0.0,0.0,108
198371,2024-07-08,10,Bihar,0.0,0.0,12.92,0.0,2024,7,8,1,0.0,0.0,0.0,0.0,0.0,109
198406,2024-07-09,10,Bihar,0.0,0.0,13.69,0.0,2024,7,9,1,0.0,0.0,0.0,0.0,0.0,110
198441,2024-07-10,10,Bihar,0.0,0.0,12.38,0.0,2024,7,10,1,0.0,0.0,0.0,0.0,0.0,111
198476,2024-07-11,10,Bihar,0.0,0.0,10.57,0.0,2024,7,11,1,0.0,0.0,0.0,0.0,0.0,112
198511,2024-07-12,10,Bihar,0.0,0.0,10.88,0.0,2024,7,12,1,0.0,0.0,0.0,0.0,0.0,113
198546,2024-07-13,10,Bihar,0.0,0.0,10.75,0.0,2024,7,13,1,0.0,0.0,0.0,0.0,0.0,114
198581,2024-07-14,10,Bihar,0.0,0.0,11.43,0.0,2024,7,14,1,0.0,0.0,0.0,0.0,0.0,115
198616,2024-07-15,10,Bihar,0.0,0.0,10.6,0.0,2024,7,15,1,0.0,0.0,0.0,0.0,0.0,116
198651,2024-07-16,10,Bihar,0.0,0.0,13.14,0.0,2024,7,16,1,0.0,0.0,0.0,0.0,0.0,117
198686,2024-07-17,10,Bihar,0.0,0.0,12.73,0.0,2024,7,17,1,0.0,0.0,0.0,0.0,0.0,118
198721,2024-07-18,10,Bihar,0.0,0.0,12.16,0.0,2024,7,18,1,0.0,0.0,0.0,0.0,0.0,119
198756,2024-07-19,10,Bihar,0.0,0.0,10.23,0.0,2024,7,19,1,0.0,0.0,0.0,0.0,0.0,120
198791,2024-07-20,10,Bihar,0.0,0.0,11.03,0.0,2024,7,20,1,0.0,0.0,0.0,0.0,0.0,121
198826,2024-07-21,10,Bihar,0.0,0.0,9.83,0.0,2024,7,21,1,0.0,0.0,0.0,0.0,0.0,122
198861,2024-07-22,10,Bihar,0.0,0.0,9.37,0.0,2024,7,22,1,0.0,0.0,0.0,0.0,0.0,123
198896,2024-07-23,10,Bihar,0.0,0.0,8.66,0.0,2024,7,23,1,0.0,0.0,0.0,0.0,0.0,124
198931,2024-07-24,10,Bihar,0.0,0.0,9.3,0.0,2024,7,24,1,0.0,0.0,0.0,0.0,0.0,125
198966,2024-07-25,10,Bihar,0.0,0.0,11.58,0.0,2024,7,25,1,0.0,0.0,0.0,0.0,0.0,126
199001,2024-07-26,10,Bihar,0.0,0.0,11.44,0.0,2024,7,26,1,0.0,0.0,0.0,0.0,0.0,127
199036,2024-07-27,10,Bihar,0.0,0.0,10.96,0.0,2024,7,27,1,0.0,0.0,0.0,0.0,0.0,128
199071,2024-07-28,10,Bihar,0.0,0.0,11.6,0.0,2024,7,28,1,0.0,0.0,0.0,0.0,0.0,129
199106,2024-07-29,10,Bihar,0.0,0.0,13.2,0.0,2024,7,29,1,0.0,0.0,0.0,0.0,0.0,130
199141,2024-07-30,10,Bihar,0.0,0.0,11.39,0.0,2024,7,30,1,0.0,0.0,0.0,0.0,0.0,131
199176,2024-07-31,10,Bihar,0.0,0.0,10.07,0.0,2024,7,31,1,0.0,0.0,0.0,0.0,0.0,132
198156,2024-07-02,4,Chandigarh,0.0,0.0,7.4,0.0,2024,7,2,1,0.0,0.0,0.0,0.0,0.0,119
198191,2024-07-03,4,Chandigarh,0.0,0.0,7.3,0.0,2024,7,3,1,0.0,0.0,0.0,0.0,0.0,120
198226,2024-07-04,4,Chandigarh,0.0,0.0,6.3,0.0,2024,7,4,1,0.0,0.0,0.0,0.0,0.0,121
198261,2024-07-05,4,Chandigarh,0.0,0.0,9.1,0.0,2024,7,5,1,0.0,0.0,0.0,0.0,0.0,122
198296,2024-07-06,4,Chandigarh,0.0,0.0,7.9,0.0,2024,7,6,1,0.0,0.0,0.0,0.0,0.0,123
198331,2024-07-07,4,Chandigarh,0.0,0.0,8.7,0.0,2024,7,7,1,0.0,0.0,0.0,0.0,0.0,124
198366,2024-07-08,4,Chandigarh,0.0,0.0,12.2,0.0,2024,7,8,1,0.0,0.0,0.0,0.0,0.0,125
198401,2024-07-09,4,Chandigarh,0.0,0.0,20.6,0.0,2024,7,9,1,0.0,0.0,0.0,0.0,0.0,126
198436,2024-07-10,4,Chandigarh,0.0,0.0,8.4,0.0,2024,7,10,1,0.0,0.0,0.0,0.0,0.0,127
198471,2024-07-11,4,Chandigarh,0.0,0.0,7.2,0.0,2024,7,11,1,0.0,0.0,0.0,0.0,0.0,128
198506,2024-07-12,4,Chandigarh,0.0,0.0,9.0,0.0,2024,7,12,1,0.0,0.0,0.0,0.0,0.0,129
198541,2024-07-13,4,Chandigarh,0.0,0.0,9.4,0.0,2024,7,13,1,0.0,0.0,0.0,0.0,0.0,130
198576,2024-07-14,4,Chandigarh,0.0,0.0,9.4,0.0,2024,7,14,1,0.0,0.0,0.0,0.0,0.0,131
198611,2024-07-15,4,Chandigarh,0.0,0.0,11.9,0.0,2024,7,15,1,0.0,0.0,0.0,0.0,0.0,132
198646,2024-07-16,4,Chandigarh,0.0,0.0,10.2,0.0,2024,7,16,1,0.0,0.0,0.0,0.0,0.0,133
198681,2024-07-17,4,Chandigarh,0.0,0.0,9.6,0.0,2024,7,17,1,0.0,0.0,0.0,0.0,0.0,134
198716,2024-07-18,4,Chandigarh,0.0,0.0,6.1,0.0,2024,7,18,1,0.0,0.0,0.0,0.0,0.0,135
198751,2024-07-19,4,Chandigarh,0.0,0.0,3.9,0.0,2024,7,19,1,0.0,0.0,0.0,0.0,0.0,136
198786,2024-07-20,4,Chandigarh,0.0,0.0,11.2,0.0,2024,7,20,1,0.0,0.0,0.0,0.0,0.0,137
198821,2024-07-21,4,Chandigarh,0.0,0.0,8.2,0.0,2024,7,21,1,0.0,0.0,0.0,0.0,0.0,138
198856,2024-07-22,4,Chandigarh,0.0,0.0,8.0,0.0,2024,7,22,1,0.0,0.0,0.0,0.0,0.0,139
198891,2024-07-23,4,Chandigarh,0.0,0.0,6.4,0.0,2024,7,23,1,0.0,0.0,0.0,0.0,0.0,140
198926,2024-07-24,4,Chandigarh,0.0,0.0,5.8,0.0,2024,7,24,1,0.0,0.0,0.0,0.0,0.0,141
198961,2024-07-25,4,Chandigarh,0.0,0.0,12.6,0.0,2024,7,25,1,0.0,0.0,0.0,0.0,0.0,142
198996,2024-07-26,4,Chandigarh,0.0,0.0,18.3,0.0,2024,7,26,1,0.0,0.0,0.0,0.0,0.0,143
199031,2024-07-27,4,Chandigarh,0.0,0.0,3.9,0.0,2024,7,27,1,0.0,0.0,0.0,0.0,0.0,144
199066,2024-07-28,4,Chandigarh,0.0,0.0,8.6,0.0,2024,7,28,1,0.0,0.0,0.0,0.0,0.0,145
199101,2024-07-29,4,Chandigarh,0.0,0.0,10.0,0.0,2024,7,29,1,0.0,0.0,0.0,0.0,0.0,146
199136,2024-07-30,4,Chandigarh,0.0,0.0,10.7,0.0,2024,7,30,1,0.0,0.0,0.0,0.0,0.0,147
199171,2024-07-31,4,Chandigarh,0.0,0.0,7.9,0.0,2024,7,31,1,0.0,0.0,0.0,0.0,0.0,148
198159,2024-07-02,22,Chhattisgarh,0.0,0.0,11.2,0.0,2024,7,2,1,0.0,0.0,0.0,0.0,0.0,103
198194,2024-07-03,22,Chhattisgarh,0.0,0.0,12.39,0.0,2024,7,3,1,0.0,0.0,0.0,0.0,0.0,104
198229,2024-07-04,22,Chhattisgarh,0.0,0.0,12.59,0.0,2024,7,4,1,0.0,0.0,0.0,0.0,0.0,105
198264,2024-07-05,22,Chhattisgarh,0.0,0.0,13.44,0.0,2024,7,5,1,0.0,0.0,0.0,0.0,0.0,106
198299,2024-07-06,22,Chhattisgarh,0.0,0.0,11.63,0.0,2024,7,6,1,0.0,0.0,0.0,0.0,0.0,107
198334,2024-07-07,22,Chhattisgarh,0.0,0.0,11.42,0.0,2024,7,7,1,0.0,0.0,0.0,0.0,0.0,108
198369,2024-07-08,22,Chhattisgarh,0.0,0.0,13.0,0.0,2024,7,8,1,0.0,0.0,0.0,0.0,0.0,109
198404,2024-07-09,22,Chhattisgarh,0.0,0.0,10.68,0.0,2024,7,9,1,0.0,0.0,0.0,0.0,0.0,110
198439,2024-07-10,22,Chhattisgarh,0.0,0.0,10.36,0.0,2024,7,10,1,0.0,0.0,0.0,0.0,0.0,111
198474,2024-07-11,22,Chhattisgarh,0.0,0.0,12.23,0.0,2024,7,11,1,0.0,0.0,0.0,0.0,0.0,112
198509,2024-07-12,22,Chhattisgarh,0.0,0.0,13.42,0.0,2024,7,12,1,0.0,0.0,0.0,0.0,0.0,113
198544,2024-07-13,22,Chhattisgarh,0.0,0.0,12.21,0.0,2024,7,13,1,0.0,0.0,0.0,0.0,0.0,114
198579,2024-07-14,22,Chhattisgarh,0.0,0.0,10.65,0.0,2024,7,14,1,0.0,0.0,0.0,0.0,0.0,115
198614,2024-07-15,22,Chhattisgarh,0.0,0.0,11.43,0.0,2024,7,15,1,0.0,0.0,0.0,0.0,0.0,116
198649,2024-07-16,22,Chhattisgarh,0.0,0.0,12.65,0.0,2024,7,16,1,0.0,0.0,0.0,0.0,0.0,117
198684,2024-07-17,22,Chhattisgarh,0.0,0.0,11.63,0.0,2024,7,17,1,0.0,0.0,0.0,0.0,0.0,118
198719,2024-07-18,22,Chhattisgarh,0.0,0.0,11.06,0.0,2024,7,18,1,0.0,0.0,0.0,0.0,0.0,119
198754,2024-07-19,22,Chhattisgarh,0.0,0.0,12.29,0.0,2024,7,19,1,0.0,0.0,0.0,0.0,0.0,120
198789,2024-07-20,22,Chhattisgarh,0.0,0.0,12.24,0.0,2024,7,20,1,0.0,0.0,0.0,0.0,0.0,121
198824,2024-07-21,22,Chhattisgarh,0.0,0.0,11.17,0.0,2024,7,21,1,0.0,0.0,0.0,0.0,0.0,122
198859,2024-07-22,22,Chhattisgarh,0.0,0.0,10.36,0.0,2024,7,22,1,0.0,0.0,0.0,0.0,0.0,123
198894,2024-07-23,22,Chhattisgarh,0.0,0.0,10.5,0.0,2024,7,23,1,0.0,0.0,0.0,0.0,0.0,124
198929,2024-07-24,22,Chhattisgarh,0.0,0.0,11.86,0.0,2024,7,24,1,0.0,0.0,0.0,0.0,0.0,125
198964,2024-07-25,22,Chhattisgarh,0.0,0.0,11.96,0.0,2024,7,25,1,0.0,0.0,0.0,0.0,0.0,126
198999,2024-07-26,22,Chhattisgarh,0.0,0.0,14.45,0.0,2024,7,26,1,0.0,0.0,0.0,0.0,0.0,127
199034,2024-07-27,22,Chhattisgarh,0.0,0.0,13.41,0.0,2024,7,27,1,0.0,0.0,0.0,0.0,0.0,128
199069,2024-07-28,22,Chhattisgarh,0.0,0.0,13.39,0.0,2024,7,28,1,0.0,0.0,0.0,0.0,0.0,129
199104,2024-07-29,22,Chhattisgarh,0.0,0.0,10.95,0.0,2024,7,29,1,0.0,0.0,0.0,0.0,0.0,130
199139,2024-07-30,22,Chhattisgarh,0.0,0.0,11.85,0.0,2024,7,30,1,0.0,0.0,0.0,0.0,0.0,131
199174,2024-07-31,22,Chhattisgarh,0.0,0.0,10.26,0.0,2024,7,31,1,0.0,0.0,0.0,0.0,0.0,132
198168,2024-07-02,7,Delhi,0.0,0.0,3.7,0.0,2024,7,2,1,0.0,0.0,0.0,0.0,0.0,109
198203,2024-07-03,7,Delhi,0.0,0.0,3.9,0.0,2024,7,3,1,0.0,0.0,0.0,0.0,0.0,110
198238,2024-07-04,7,Delhi,0.0,0.0,5.1,0.0,2024,7,4,1,0.0,0.0,0.0,0.0,0.0,111
198273,2024-07-05,7,Delhi,0.0,0.0,5.4,0.0,2024,7,5,1,0.0,0.0,0.0,0.0,0.0,112
198308,2024-07-06,7,Delhi,0.0,0.0,3.6,0.0,2024,7,6,1,0.0,0.0,0.0,0.0,0.0,113
198343,2024-07-07,7,Delhi,0.0,0.0,5.6,0.0,2024,7,7,1,0.0,0.0,0.0,0.0,0.0,114
198378,2024-07-08,7,Delhi,0.0,0.0,8.0,0.0,2024,7,8,1,0.0,0.0,0.0,0.0,0.0,115
198413,2024-07-09,7,Delhi,0.0,0.0,10.4,0.0,2024,7,9,1,0.0,0.0,0.0,0.0,0.0,116
198448,2024-07-10,7,Delhi,0.0,0.0,7.2,0.0,2024,7,10,1,0.0,0.0,0.0,0.0,0.0,117
198483,2024-07-11,7,Delhi,0.0,0.0,7.8,0.0,2024,7,11,1,0.0,0.0,0.0,0.0,0.0,118
198518,2024-07-12,7,Delhi,0.0,0.0,9.9,0.0,2024,7,12,1,0.0,0.0,0.0,0.0,0.0,119
198553,2024-07-13,7,Delhi,0.0,0.0,8.6,0.0,2024,7,13,1,0.0,0.0,0.0,0.0,0.0,120
198588,2024-07-14,7,Delhi,0.0,0.0,9.4,0.0,2024,7,14,1,0.0,0.0,0.0,0.0,0.0,121
198623,2024-07-15,7,Delhi,0.0,0.0,14.1,0.0,2024,7,15,1,0.0,0.0,0.0,0.0,0.0,122
198658,2024-07-16,7,Delhi,0.0,0.0,9.1,0.0,2024,7,16,1,0.0,0.0,0.0,0.0,0.0,123
198693,2024-07-17,7,Delhi,0.0,0.0,7.7,0.0,2024,7,17,1,0.0,0.0,0.0,0.0,0.0,124
198728,2024-07-18,7,Delhi,0.0,0.0,5.7,0.0,2024,7,18,1,0.0,0.0,0.0,0.0,0.0,125
198763,2024-07-19,7,Delhi,0.0,0.0,6.2,0.0,2024,7,19,1,0.0,0.0,0.0,0.0,0.0,126
198798,2024-07-20,7,Delhi,0.0,0.0,7.9,0.0,2024,7,20,1,0.0,0.0,0.0,0.0,0.0,127
198833,2024-07-21,7,Delhi,0.0,0.0,9.7,0.0,2024,7,21,1,0.0,0.0,0.0,0.0,0.0,128
198868,2024-07-22,7,Delhi,0.0,0.0,10.0,0.0,2024,7,22,1,0.0,0.0,0.0,0.0,0.0,129
198903,2024-07-23,7,Delhi,0.0,0.0,9.2,0.0,2024,7,23,1,0.0,0.0,0.0,0.0,0.0,130
198938,2024-07-24,7,Delhi,0.0,0.0,8.5,0.0,2024,7,24,1,0.0,0.0,0.0,0.0,0.0,131
198973,2024-07-25,7,Delhi,0.0,0.0,9.8,0.0,2024,7,25,1,0.0,0.0,0.0,0.0,0.0,132
199008,2024-07-26,7,Delhi,0.0,0.0,7.3,0.0,2024,7,26,1,0.0,0.0,0.0,0.0,0.0,133
199043,2024-07-27,7,Delhi,0.0,0.0,9.2,0.0,2024,7,27,1,0.0,0.0,0.0,0.0,0.0,134
199078,2024-07-28,7,Delhi,0.0,0.0,8.8,0.0,2024,7,28,1,0.0,0.0,0.0,0.0,0.0,135
199113,2024-07-29,7,Delhi,0.0,0.0,4.5,0.0,2024,7,29,1,0.0,0.0,0.0,0.0,0.0,136
199148,2024-07-30,7,Delhi,0.0,0.0,5.3,0.0,2024,7,30,1,0.0,0.0,0.0,0.0,0.0,137
199183,2024-07-31,7,Delhi,0.0,0.0,8.8,0.0,2024,7,31,1,0.0,0.0,0.0,0.0,0.0,138
198150,2024-07-02,30,Goa,0.0,0.0,36.6,0.0,2024,7,2,1,0.0,0.0,0.0,0.0,0.0,173
198185,2024-07-03,30,Goa,0.0,0.0,32.8,0.0,2024,7,3,1,0.0,0.0,0.0,0.0,0.0,174
198220,2024-07-04,30,Goa,0.0,0.0,31.4,0.0,2024,7,4,1,0.0,0.0,0.0,0.0,0.0,175
198255,2024-07-05,30,Goa,0.0,0.0,30.6,0.0,2024,7,5,1,0.0,0.0,0.0,0.0,0.0,176
198290,2024-07-06,30,Goa,0.0,0.0,26.0,0.0,2024,7,6,1,0.0,0.0,0.0,0.0,0.0,177
198325,2024-07-07,30,Goa,0.0,0.0,26.9,0.0,2024,7,7,1,0.0,0.0,0.0,0.0,0.0,178
198360,2024-07-08,30,Goa,0.0,0.0,30.1,0.0,2024,7,8,1,0.0,0.0,0.0,0.0,0.0,179
198395,2024-07-09,30,Goa,0.0,0.0,30.1,0.0,2024,7,9,1,0.0,0.0,0.0,0.0,0.0,180
198430,2024-07-10,30,Goa,0.0,0.0,24.9,0.0,2024,7,10,1,0.0,0.0,0.0,0.0,0.0,181
198465,2024-07-11,30,Goa,0.0,0.0,26.8,0.0,2024,7,11,1,0.0,0.0,0.0,0.0,0.0,182
198500,2024-07-12,30,Goa,0.0,0.0,33.3,0.0,2024,7,12,1,0.0,0.0,0.0,0.0,0.0,183
198535,2024-07-13,30,Goa,0.0,0.0,33.1,0.0,2024,7,13,1,0.0,0.0,0.0,0.0,0.0,184
198570,2024-07-14,30,Goa,0.0,0.0,32.7,0.0,2024,7,14,1,0.0,0.0,0.0,0.0,0.0,185
198605,2024-07-15,30,Goa,0.0,0.0,28.1,0.0,2024,7,15,1,0.0,0.0,0.0,0.0,0.0,186
198640,2024-07-16,30,Goa,0.0,0.0,34.7,0.0,2024,7,16,1,0.0,0.0,0.0,0.0,0.0,187
198675,2024-07-17,30,Goa,0.0,0.0,35.6,0.0,2024,7,17,1,0.0,0.0,0.0,0.0,0.0,188
198710,2024-07-18,30,Goa,0.0,0.0,36.8,0.0,2024,7,18,1,0.0,0.0,0.0,0.0,0.0,189
198745,2024-07-19,30,Goa,0.0,0.0,32.3,0.0,2024,7,19,1,0.0,0.0,0.0,0.0,0.0,190
198780,2024-07-20,30,Goa,0.0,0.0,32.3,0.0,2024,7,20,1,0.0,0.0,0.0,0.0,0.0,191
198815,2024-07-21,30,Goa,0.0,0.0,30.5,0.0,2024,7,21,1,0.0,0.0,0.0,0.0,0.0,192
198850,2024-07-22,30,Goa,0.0,0.0,39.3,0.0,2024,7,22,1,0.0,0.0,0.0,0.0,0.0,193
198885,2024-07-23,30,Goa,0.0,0.0,36.9,0.0,2024,7,23,1,0.0,0.0,0.0,0.0,0.0,194
198920,2024-07-24,30,Goa,0.0,0.0,41.4,0.0,2024,7,24,1,0.0,0.0,0.0,0.0,0.0,195
198955,2024-07-25,30,Goa,0.0,0.0,36.1,0.0,2024,7,25,1,0.0,0.0,0.0,0.0,0.0,196
198990,2024-07-26,30,Goa,0.0,0.0,32.2,0.0,2024,7,26,1,0.0,0.0,0.0,0.0,0.0,197
199025,2024-07-27,30,Goa,0.0,0.0,29.7,0.0,2024,7,27,1,0.0,0.0,0.0,0.0,0.0,198
199060,2024-07-28,30,Goa,0.0,0.0,31.8,0.0,2024,7,28,1,0.0,0.0,0.0,0.0,0.0,199
199095,2024-07-29,30,Goa,0.0,0.0,31.0,0.0,2024,7,29,1,0.0,0.0,0.0,0.0,0.0,200
199130,2024-07-30,30,Goa,0.0,0.0,34.4,0.0,2024,7,30,1,0.0,0.0,0.0,0.0,0.0,201
199165,2024-07-31,30,Goa,0.0,0.0,34.5,0.0,2024,7,31,1,0.0,0.0,0.0,0.0,0.0,202
198163,2024-07-02,24,Gujarat,0.0,0.0,9.29,0.0,2024,7,2,1,0.0,0.0,0.0,0.0,0.0,119
198198,2024-07-03,24,Gujarat,0.0,0.0,9.15,0.0,2024,7,3,1,0.0,0.0,0.0,0.0,0.0,120
198233,2024-07-04,24,Gujarat,0.0,0.0,9.22,0.0,2024,7,4,1,0.0,0.0,0.0,0.0,0.0,121
198268,2024-07-05,24,Gujarat,0.0,0.0,8.36,0.0,2024,7,5,1,0.0,0.0,0.0,0.0,0.0,122
198303,2024-07-06,24,Gujarat,0.0,0.0,8.68,0.0,2024,7,6,1,0.0,0.0,0.0,0.0,0.0,123
198338,2024-07-07,24,Gujarat,0.0,0.0,9.95,0.0,2024,7,7,1,0.0,0.0,0.0,0.0,0.0,124
198373,2024-07-08,24,Gujarat,0.0,0.0,8.83,0.0,2024,7,8,1,0.0,0.0,0.0,0.0,0.0,125
198408,2024-07-09,24,Gujarat,0.0,0.0,8.48,0.0,2024,7,9,1,0.0,0.0,0.0,0.0,0.0,126
198443,2024-07-10,24,Gujarat,0.0,0.0,8.06,0.0,2024,7,10,1,0.0,0.0,0.0,0.0,0.0,127
198478,2024-07-11,24,Gujarat,0.0,0.0,9.61,0.0,2024,7,11,1,0.0,0.0,0.0,0.0,0.0,128
198513,2024-07-12,24,Gujarat,0.0,0.0,7.53,0.0,2024,7,12,1,0.0,0.0,0.0,0.0,0.0,129
198548,2024-07-13,24,Gujarat,0.0,0.0,7.75,0.0,2024,7,13,1,0.0,0.0,0.0,0.0,0.0,130
198583,2024-07-14,24,Gujarat,0.0,0.0,9.93,0.0,2024,7,14,1,0.0,0.0,0.0,0.0,0.0,131
198618,2024-07-15,24,Gujarat,0.0,0.0,9.71,0.0,2024,7,15,1,0.0,0.0,0.0,0.0,0.0,132
198653,2024-07-16,24,Gujarat,0.0,0.0,9.76,0.0,2024,7,16,1,0.0,0.0,0.0,0.0,0.0,133
198688,2024-07-17,24,Gujarat,0.0,0.0,9.88,0.0,2024,7,17,1,0.0,0.0,0.0,0.0,0.0,134
198723,2024-07-18,24,Gujarat,0.0,0.0,8.79,0.0,2024,7,18,1,0.0,0.0,0.0,0.0,0.0,135
198758,2024-07-19,24,Gujarat,0.0,0.0,8.68,0.0,2024,7,19,1,0.0,0.0,0.0,0.0,0.0,136
198793,2024-07-20,24,Gujarat,0.0,0.0,7.82,0.0,2024,7,20,1,0.0,0.0,0.0,0.0,0.0,137
198828,2024-07-21,24,Gujarat,0.0,0.0,6.7,0.0,2024,7,21,1,0.0,0.0,0.0,0.0,0.0,138
198863,2024-07-22,24,Gujarat,0.0,0.0,6.1,0.0,2024,7,22,1,0.0,0.0,0.0,0.0,0.0,139
198898,2024-07-23,24,Gujarat,0.0,0.0,5.78,0.0,2024,7,23,1,0.0,0.0,0.0,0.0,0.0,140
198933,2024-07-24,24,Gujarat,0.0,0.0,7.47,0.0,2024,7,24,1,0.0,0.0,0.0,0.0,0.0,141
198968,2024-07-25,24,Gujarat,0.0,0.0,8.12,0.0,2024,7,25,1,0.0,0.0,0.0,0.0,0.0,142
199003,2024-07-26,24,Gujarat,0.0,0.0,9.03,0.0,2024,7,26,1,0.0,0.0,0.0,0.0,0.0,143
199038,2024-07-27,24,Gujarat,0.0,0.0,10.55,0.0,2024,7,27,1,0.0,0.0,0.0,0.0,0.0,144
199073,2024-07-28,24,Gujarat,0.0,0.0,8.79,0.0,2024,7,28,1,0.0,0.0,0.0,0.0,0.0,145
199108,2024-07-29,24,Gujarat,0.0,0.0,8.78,0.0,2024,7,29,1,0.0,0.0,0.0,0.0,0.0,146
199143,2024-07-30,24,Gujarat,0.0,0.0,7.35,0.0,2024,7,30,1,0.0,0.0,0.0,0.0,0.0,147
199178,2024-07-31,24,Gujarat,0.0,0.0,6.48,0.0,2024,7,31,1,0.0,0.0,0.0,0.0,0.0,148
198152,2024-07-02,6,Haryana,0.0,0.0,4.24,0.0,2024,7,2,1,0.0,0.0,0.0,0.0,0.0,109
198187,2024-07-03,6,Haryana,0.0,0.0,4.65,0.0,2024,7,3,1,0.0,0.0,0.0,0.0,0.0,110
198222,2024-07-04,6,Haryana,0.0,0.0,3.4,0.0,2024,7,4,1,0.0,0.0,0.0,0.0,0.0,111
198257,2024-07-05,6,Haryana,0.0,0.0,3.23,0.0,2024,7,5,1,0.0,0.0,0.0,0.0,0.0,112
198292,2024-07-06,6,Haryana,0.0,0.0,3.44,0.0,2024,7,6,1,0.0,0.0,0.0,0.0,0.0,113
198327,2024-07-07,6,Haryana,0.0,0.0,4.1,0.0,2024,7,7,1,0.0,0.0,0.0,0.0,0.0,114
198362,2024-07-08,6,Haryana,0.0,0.0,5.29,0.0,2024,7,8,1,0.0,0.0,0.0,0.0,0.0,115
198397,2024-07-09,6,Haryana,0.0,0.0,6.55,0.0,2024,7,9,1,0.0,0.0,0.0,0.0,0.0,116
198432,2024-07-10,6,Haryana,0.0,0.0,6.02,0.0,2024,7,10,1,0.0,0.0,0.0,0.0,0.0,117
198467,2024-07-11,6,Haryana,0.0,0.0,6.08,0.0,2024,7,11,1,0.0,0.0,0.0,0.0,0.0,118
198502,2024-07-12,6,Haryana,0.0,0.0,7.5,0.0,2024,7,12,1,0.0,0.0,0.0,0.0,0.0,119
198537,2024-07-13,6,Haryana,0.0,0.0,6.06,0.0,2024,7,13,1,0.0,0.0,0.0,0.0,0.0,120
198572,2024-07-14,6,Haryana,0.0,0.0,6.54,0.0,2024,7,14,1,0.0,0.0,0.0,0.0,0.0,121
198607,2024-07-15,6,Haryana,0.0,0.0,7.13,0.0,2024,7,15,1,0.0,0.0,0.0,0.0,0.0,122
198642,2024-07-16,6,Haryana,0.0,0.0,5.93,0.0,2024,7,16,1,0.0,0.0,0.0,0.0,0.0,123
198677,2024-07-17,6,Haryana,0.0,0.0,5.07,0.0,2024,7,17,1,0.0,0.0,0.0,0.0,0.0,124
198712,2024-07-18,6,Haryana,0.0,0.0,4.65,0.0,2024,7,18,1,0.0,0.0,0.0,0.0,0.0,125
198747,2024-07-19,6,Haryana,0.0,0.0,5.2,0.0,2024,7,19,1,0.0,0.0,0.0,0.0,0.0,126
198782,2024-07-20,6,Haryana,0.0,0.0,6.86,0.0,2024,7,20,1,0.0,0.0,0.0,0.0,0.0,127
198817,2024-07-21,6,Haryana,0.0,0.0,5.91,0.0,2024,7,21,1,0.0,0.0,0.0,0.0,0.0,128
198852,2024-07-22,6,Haryana,0.0,0.0,6.73,0.0,2024,7,22,1,0.0,0.0,0.0,0.0,0.0,129
198887,2024-07-23,6,Haryana,0.0,0.0,5.7,0.0,2024,7,23,1,0.0,0.0,0.0,0.0,0.0,130
198922,2024-07-24,6,Haryana,0.0,0.0,4.93,0.0,2024,7,24,1,0.0,0.0,0.0,0.0,0.0,131
198957,2024-07-25,6,Haryana,0.0,0.0,6.13,0.0,2024,7,25,1,0.0,0.0,0.0,0.0,0.0,132
198992,2024-07-26,6,Haryana,0.0,0.0,6.35,0.0,2024,7,26,1,0.0,0.0,0.0,0.0,0.0,133
199027,2024-07-27,6,Haryana,0.0,0.0,5.45,0.0,2024,7,27,1,0.0,0.0,0.0,0.0,0.0,134
199062,2024-07-28,6,Haryana,0.0,0.0,5.95,0.0,2024,7,28,1,0.0,0.0,0.0,0.0,0.0,135
199097,2024-07-29,6,Haryana,0.0,0.0,4.41,0.0,2024,7,29,1,0.0,0.0,0.0,0.0,0.0,136
199132,2024-07-30,6,Haryana,0.0,0.0,4.54,0.0,2024,7,30,1,0.0,0.0,0.0,0.0,0.0,137
199167,2024-07-31,6,Haryana,0.0,0.0,4.76,0.0,2024,7,31,1,0.0,0.0,0.0,0.0,0.0,138
198139,2024-07-02,2,Himachal Pradesh,0.0,0.0,6.49,0.0,2024,7,2,1,0.0,0.0,0.0,0.0,0.0,103
198174,2024-07-03,2,Himachal Pradesh,0.0,0.0,5.73,0.0,2024,7,3,1,0.0,0.0,0.0,0.0,0.0,104
198209,2024-07-04,2,Himachal Pradesh,0.0,0.0,6.57,0.0,2024,7,4,1,0.0,0.0,0.0,0.0,0.0,105
198244,2024-07-05,2,Himachal Pradesh,0.0,0.0,7.46,0.0,2024,7,5,1,0.0,0.0,0.0,0.0,0.0,106
198279,2024-07-06,2,Himachal Pradesh,0.0,0.0,7.72,0.0,2024,7,6,1,0.0,0.0,0.0,0.0,0.0,107
198314,2024-07-07,2,Himachal Pradesh,0.0,0.0,7.17,0.0,2024,7,7,1,0.0,0.0,0.0,0.0,0.0,108
198349,2024-07-08,2,Himachal Pradesh,0.0,0.0,7.38,0.0,2024,7,8,1,0.0,0.0,0.0,0.0,0.0,109
198384,2024-07-09,2,Himachal Pradesh,0.0,0.0,8.53,0.0,2024,7,9,1,0.0,0.0,0.0,0.0,0.0,110
198419,2024-07-10,2,Himachal Pradesh,0.0,0.0,9.45,0.0,2024,7,10,1,0.0,0.0,0.0,0.0,0.0,111
198454,2024-07-11,2,Himachal Pradesh,0.0,0.0,7.52,0.0,2024,7,11,1,0.0,0.0,0.0,0.0,0.0,112
198489,2024-07-12,2,Himachal Pradesh,0.0,0.0,9.01,0.0,2024,7,12,1,0.0,0.0,0.0,0.0,0.0,113
198524,2024-07-13,2,Himachal Pradesh,0.0,0.0,9.2,0.0,2024,7,13,1,0.0,0.0,0.0,0.0,0.0,114
198559,2024-07-14,2,Himachal Pradesh,0.0,0.0,9.45,0.0,2024,7,14,1,0.0,0.0,0.0,0.0,0.0,115
198594,2024-07-15,2,Himachal Pradesh,0.0,0.0,11.21,0.0,2024,7,15,1,0.0,0.0,0.0,0.0,0.0,116
198629,2024-07-16,2,Himachal Pradesh,0.0,0.0,10.27,0.0,2024,7,16,1,0.0,0.0,0.0,0.0,0.0,117
198664,2024-07-17,2,Himachal Pradesh,0.0,0.0,10.95,0.0,2024,7,17,1,0.0,0.0,0.0,0.0,0.0,118
198699,2024-07-18,2,Himachal Pradesh,0.0,0.0,11.3,0.0,2024,7,18,1,0.0,0.0,0.0,0.0,0.0,119
198734,2024-07-19,2,Himachal Pradesh,0.0,0.0,11.78,0.0,2024,7,19,1,0.0,0.0,0.0,0.0,0.0,120
198769,2024-07-20,2,Himachal Pradesh,0.0,0.0,9.97,0.0,2024,7,20,1,0.0,0.0,0.0,0.0,0.0,121
198804,2024-07-21,2,Himachal Pradesh,0.0,0.0,8.53,0.0,2024,7,21,1,0.0,0.0,0.0,0.0,0.0,122
198839,2024-07-22,2,Himachal Pradesh,0.0,0.0,9.06,0.0,2024,7,22,1,0.0,0.0,0.0,0.0,0.0,123
198874,2024-07-23,2,Himachal Pradesh,0.0,0.0,9.4,0.0,2024,7,23,1,0.0,0.0,0.0,0.0,0.0,124
198909,2024-07-24,2,Himachal Pradesh,0.0,0.0,11.14,0.0,2024,7,24,1,0.0,0.0,0.0,0.0,0.0,125
198944,2024-07-25,2,Himachal Pradesh,0.0,0.0,12.58,0.0,2024,7,25,1,0.0,0.0,0.0,0.0,0.0,126
198979,2024-07-26,2,Himachal Pradesh,0.0,0.0,14.19,0.0,2024,7,26,1,0.0,0.0,0.0,0.0,0.0,127
199014,2024-07-27,2,Himachal Pradesh,0.0,0.0,10.53,0.0,2024,7,27,1,0.0,0.0,0.0,0.0,0.0,128
199049,2024-07-28,2,Himachal Pradesh,0.0,0.0,8.95,0.0,2024,7,28,1,0.0,0.0,0.0,0.0,0.0,129
199084,2024-07-29,2,Himachal Pradesh,0.0,0.0,9.7,0.0,2024,7,29,1,0.0,0.0,0.0,0.0,0.0,130
199119,2024-07-30,2,Himachal Pradesh,0.0,0.0,10.36,0.0,2024,7,30,1,0.0,0.0,0.0,0.0,0.0,131
199154,2024-07-31,2,Himachal Pradesh,0.0,0.0,9.26,0.0,2024,7,31,1,0.0,0.0,0.0,0.0,0.0,132
198140,2024-07-02,1,Jammu And Kashmir,0.0,0.0,4.32,0.0,2024,7,2,1,0.0,0.0,0.0,0.0,0.0,109
198175,2024-07-03,1,Jammu And Kashmir,0.0,0.0,3.74,0.0,2024,7,3,1,0.0,0.0,0.0,0.0,0.0,110
198210,2024-07-04,1,Jammu And Kashmir,0.0,0.0,4.78,0.0,2024,7,4,1,0.0,0.0,0.0,0.0,0.0,111
198245,2024-07-05,1,Jammu And Kashmir,0.0,0.0,4.92,0.0,2024,7,5,1,0.0,0.0,0.0,0.0,0.0,112
198280,2024-07-06,1,Jammu And Kashmir,0.0,0.0,6.48,0.0,2024,7,6,1,0.0,0.0,0.0,0.0,0.0,113
198315,2024-07-07,1,Jammu And Kashmir,0.0,0.0,3.87,0.0,2024,7,7,1,0.0,0.0,0.0,0.0,0.0,114
198350,2024-07-08,1,Jammu And Kashmir,0.0,0.0,4.11,0.0,2024,7,8,1,0.0,0.0,0.0,0.0,0.0,115
198385,2024-07-09,1,Jammu And Kashmir,0.0,0.0,5.59,0.0,2024,7,9,1,0.0,0.0,0.0,0.0,0.0,116
198420,2024-07-10,1,Jammu And Kashmir,0.0,0.0,6.36,0.0,2024,7,10,1,0.0,0.0,0.0,0.0,0.0,117
198455,2024-07-11,1,Jammu And Kashmir,0.0,0.0,4.1,0.0,2024,7,11,1,0.0,0.0,0.0,0.0,0.0,118
198490,2024-07-12,1,Jammu And Kashmir,0.0,0.0,5.19,0.0,2024,7,12,1,0.0,0.0,0.0,0.0,0.0,119
198525,2024-07-13,1,Jammu And Kashmir,0.0,0.0,7.16,0.0,2024,7,13,1,0.0,0.0,0.0,0.0,0.0,120
198560,2024-07-14,1,Jammu And Kashmir,0.0,0.0,7.17,0.0,2024,7,14,1,0.0,0.0,0.0,0.0,0.0,121
198595,2024-07-15,1,Jammu And Kashmir,0.0,0.0,6.26,0.0,2024,7,15,1,0.0,0.0,0.0,0.0,0.0,122
198630,2024-07-16,1,Jammu And Kashmir,0.0,0.0,7.23,0.0,2024,7,16,1,0.0,0.0,0.0,0.0,0.0,123
198665,2024-07-17,1,Jammu And Kashmir,0.0,0.0,6.37,0.0,2024,7,17,1,0.0,0.0,0.0,0.0,0.0,124
198700,2024-07-18,1,Jammu And Kashmir,0.0,0.0,6.0,0.0,2024,7,18,1,0.0,0.0,0.0,0.0,0.0,125
198735,2024-07-19,1,Jammu And Kashmir,0.0,0.0,6.19,0.0,2024,7,19,1,0.0,0.0,0.0,0.0,0.0,126
198770,2024-07-20,1,Jammu And Kashmir,0.0,0.0,7.59,0.0,2024,7,20,1,0.0,0.0,0.0,0.0,0.0,127
198805,2024-07-21,1,Jammu And Kashmir,0.0,0.0,8.22,0.0,2024,7,21,1,0.0,0.0,0.0,0.0,0.0,128
198840,2024-07-22,1,Jammu And Kashmir,0.0,0.0,8.74,0.0,2024,7,22,1,0.0,0.0,0.0,0.0,0.0,129
198875,2024-07-23,1,Jammu And Kashmir,0.0,0.0,7.8,0.0,2024,7,23,1,0.0,0.0,0.0,0.0,0.0,130
198910,2024-07-24,1,Jammu And Kashmir,0.0,0.0,9.83,0.0,2024,7,24,1,0.0,0.0,0.0,0.0,0.0,131
198945,2024-07-25,1,Jammu And Kashmir,0.0,0.0,8.18,0.0,2024,7,25,1,0.0,0.0,0.0,0.0,0.0,132
198980,2024-07-26,1,Jammu And Kashmir,0.0,0.0,8.18,0.0,2024,7,26,1,0.0,0.0,0.0,0.0,0.0,133
199015,2024-07-27,1,Jammu And Kashmir,0.0,0.0,8.75,0.0,2024,7,27,1,0.0,0.0,0.0,0.0,0.0,134
199050,2024-07-28,1,Jammu And Kashmir,0.0,0.0,7.62,0.0,2024,7,28,1,0.0,0.0,0.0,0.0,0.0,135
199085,2024-07-29,1,Jammu And Kashmir,0.0,0.0,7.98,0.0,2024,7,29,1,0.0,0.0,0.0,0.0,0.0,136
199120,2024-07-30,1,Jammu And Kashmir,0.0,0.0,7.52,0.0,2024,7,30,1,0.0,0.0,0.0,0.0,0.0,137
199155,2024-07-31,1,Jammu And Kashmir,0.0,0.0,8.06,0.0,2024,7,31,1,0.0,0.0,0.0,0.0,0.0,138
198145,2024-07-02,20,Jharkhand,0.0,0.0,10.83,0.0,2024,7,2,1,0.0,0.0,0.0,0.0,0.0,103
198180,2024-07-03,20,Jharkhand,0.0,0.0,11.16,0.0,2024,7,3,1,0.0,0.0,0.0,0.0,0.0,104
198215,2024-07-04,20,Jharkhand,0.0,0.0,10.99,0.0,2024,7,4,1,0.0,0.0,0.0,0.0,0.0,105
198250,2024-07-05,20,Jharkhand,0.0,0.0,11.76,0.0,2024,7,5,1,0.0,0.0,0.0,0.0,0.0,106
198285,2024-07-06,20,Jharkhand,0.0,0.0,11.72,0.0,2024,7,6,1,0.0,0.0,0.0,0.0,0.0,107
198320,2024-07-07,20,Jharkhand,0.0,0.0,9.43,0.0,2024,7,7,1,0.0,0.0,0.0,0.0,0.0,108
198355,2024-07-08,20,Jharkhand,0.0,0.0,10.93,0.0,2024,7,8,1,0.0,0.0,0.0,0.0,0.0,109
198390,2024-07-09,20,Jharkhand,0.0,0.0,11.83,0.0,2024,7,9,1,0.0,0.0,0.0,0.0,0.0,110
198425,2024-07-10,20,Jharkhand,0.0,0.0,10.98,0.0,2024,7,10,1,0.0,0.0,0.0,0.0,0.0,111
198460,2024-07-11,20,Jharkhand,0.0,0.0,10.79,0.0,2024,7,11,1,0.0,0.0,0.0,0.0,0.0,112
198495,2024-07-12,20,Jharkhand,0.0,0.0,10.83,0.0,2024,7,12,1,0.0,0.0,0.0,0.0,0.0,113
198530,2024-07-13,20,Jharkhand,0.0,0.0,10.44,0.0,2024,7,13,1,0.0,0.0,0.0,0.0,0.0,114
198565,2024-07-14,20,Jharkhand,0.0,0.0,10.15,0.0,2024,7,14,1,0.0,0.0,0.0,0.0,0.0,115
198600,2024-07-15,20,Jharkhand,0.0,0.0,10.17,0.0,2024,7,15,1,0.0,0.0,0.0,0.0,0.0,116
198635,2024-07-16,20,Jharkhand,0.0,0.0,11.7,0.0,2024,7,16,1,0.0,0.0,0.0,0.0,0.0,117
198670,2024-07-17,20,Jharkhand,0.0,0.0,13.1,0.0,2024,7,17,1,0.0,0.0,0.0,0.0,0.0,118
198705,2024-07-18,20,Jharkhand,0.0,0.0,12.03,0.0,2024,7,18,1,0.0,0.0,0.0,0.0,0.0,119
198740,2024-07-19,20,Jharkhand,0.0,0.0,10.69,0.0,2024,7,19,1,0.0,0.0,0.0,0.0,0.0,120
198775,2024-07-20,20,Jharkhand,0.0,0.0,10.62,0.0,2024,7,20,1,0.0,0.0,0.0,0.0,0.0,121
198810,2024-07-21,20,Jharkhand,0.0,0.0,10.42,0.0,2024,7,21,1,0.0,0.0,0.0,0.0,0.0,122
198845,2024-07-22,20,Jharkhand,0.0,0.0,9.94,0.0,2024,7,22,1,0.0,0.0,0.0,0.0,0.0,123
198880,2024-07-23,20,Jharkhand,0.0,0.0,9.21,0.0,2024,7,23,1,0.0,0.0,0.0,0.0,0.0,124
198915,2024-07-24,20,Jharkhand,0.0,0.0,8.7,0.0,2024,7,24,1,0.0,0.0,0.0,0.0,0.0,125
198950,2024-07-25,20,Jharkhand,0.0,0.0,8.67,0.0,2024,7,25,1,0.0,0.0,0.0,0.0,0.0,126
198985,2024-07-26,20,Jharkhand,0.0,0.0,10.89,0.0,2024,7,26,1,0.0,0.0,0.0,0.0,0.0,127
199020,2024-07-27,20,Jharkhand,0.0,0.0,11.9,0.0,2024,7,27,1,0.0,0.0,0.0,0.0,0.0,128
199055,2024-07-28,20,Jharkhand,0.0,0.0,12.35,0.0,2024,7,28,1,0.0,0.0,0.0,0.0,0.0,129
199090,2024-07-29,20,Jharkhand,0.0,0.0,14.4,0.0,2024,7,29,1,0.0,0.0,0.0,0.0,0.0,130
199125,2024-07-30,20,Jharkhand,0.0,0.0,9.82,0.0,2024,7,30,1,0.0,0.0,0.0,0.0,0.0,131
199160,2024-07-31,20,Jharkhand,0.0,0.0,8.57,0.0,2024,7,31,1,0.0,0.0,0.0,0.0,0.0,132
198155,2024-07-02,29,Karnataka,0.0,0.0,11.05,0.0,2024,7,2,1,0.0,0.0,0.0,0.0,0.0,104
198190,2024-07-03,29,Karnataka,0.0,0.0,9.85,0.0,2024,7,3,1,0.0,0.0,0.0,0.0,0.0,105
198225,2024-07-04,29,Karnataka,0.0,0.0,9.68,0.0,2024,7,4,1,0.0,0.0,0.0,0.0,0.0,106
198260,2024-07-05,29,Karnataka,0.0,0.0,10.65,0.0,2024,7,5,1,0.0,0.0,0.0,0.0,0.0,107
198295,2024-07-06,29,Karnataka,0.0,0.0,10.85,0.0,2024,7,6,1,0.0,0.0,0.0,0.0,0.0,108
198330,2024-07-07,29,Karnataka,0.0,0.0,9.9,0.0,2024,7,7,1,0.0,0.0,0.0,0.0,0.0,109
198365,2024-07-08,29,Karnataka,0.0,0.0,10.28,0.0,2024,7,8,1,0.0,0.0,0.0,0.0,0.0,110
198400,2024-07-09,29,Karnataka,0.0,0.0,9.78,0.0,2024,7,9,1,0.0,0.0,0.0,0.0,0.0,111
198435,2024-07-10,29,Karnataka,0.0,0.0,8.87,0.0,2024,7,10,1,0.0,0.0,0.0,0.0,0.0,112
198470,2024-07-11,29,Karnataka,0.0,0.0,9.23,0.0,2024,7,11,1,0.0,0.0,0.0,0.0,0.0,113
198505,2024-07-12,29,Karnataka,0.0,0.0,9.99,0.0,2024,7,12,1,0.0,0.0,0.0,0.0,0.0,114
198540,2024-07-13,29,Karnataka,0.0,0.0,8.9,0.0,2024,7,13,1,0.0,0.0,0.0,0.0,0.0,115
198575,2024-07-14,29,Karnataka,0.0,0.0,9.59,0.0,2024,7,14,1,0.0,0.0,0.0,0.0,0.0,116
198610,2024-07-15,29,Karnataka,0.0,0.0,9.78,0.0,2024,7,15,1,0.0,0.0,0.0,0.0,0.0,117
198645,2024-07-16,29,Karnataka,0.0,0.0,9.27,0.0,2024,7,16,1,0.0,0.0,0.0,0.0,0.0,118
198680,2024-07-17,29,Karnataka,0.0,0.0,11.07,0.0,2024,7,17,1,0.0,0.0,0.0,0.0,0.0,119
198715,2024-07-18,29,Karnataka,0.0,0.0,10.69,0.0,2024,7,18,1,0.0,0.0,0.0,0.0,0.0,120
198750,2024-07-19,29,Karnataka,0.0,0.0,9.79,0.0,2024,7,19,1,0.0,0.0,0.0,0.0,0.0,121
198785,2024-07-20,29,Karnataka,0.0,0.0,9.43,0.0,2024,7,20,1,0.0,0.0,0.0,0.0,0.0,122
198820,2024-07-21,29,Karnataka,0.0,0.0,10.38,0.0,2024,7,21,1,0.0,0.0,0.0,0.0,0.0,123
198855,2024-07-22,29,Karnataka,0.0,0.0,11.27,0.0,2024,7,22,1,0.0,0.0,0.0,0.0,0.0,124
198890,2024-07-23,29,Karnataka,0.0,0.0,11.63,0.0,2024,7,23,1,0.0,0.0,0.0,0.0,0.0,125
198925,2024-07-24,29,Karnataka,0.0,0.0,10.65,0.0,2024,7,24,1,0.0,0.0,0.0,0.0,0.0,126
198960,2024-07-25,29,Karnataka,0.0,0.0,9.9,0.0,2024,7,25,1,0.0,0.0,0.0,0.0,0.0,127
198995,2024-07-26,29,Karnataka,0.0,0.0,9.01,0.0,2024,7,26,1,0.0,0.0,0.0,0.0,0.0,128
199030,2024-07-27,29,Karnataka,0.0,0.0,9.04,0.0,2024,7,27,1,0.0,0.0,0.0,0.0,0.0,129
199065,2024-07-28,29,Karnataka,0.0,0.0,8.86,0.0,2024,7,28,1,0.0,0.0,0.0,0.0,0.0,130
199100,2024-07-29,29,Karnataka,0.0,0.0,8.66,0.0,2024,7,29,1,0.0,0.0,0.0,0.0,0.0,131
199135,2024-07-30,29,Karnataka,0.0,0.0,9.06,0.0,2024,7,30,1,0.0,0.0,0.0,0.0,0.0,132
199170,2024-07-31,29,Karnataka,0.0,0.0,9.13,0.0,2024,7,31,1,0.0,0.0,0.0,0.0,0.0,133
198166,2024-07-02,32,Kerala,0.0,0.0,27.9,0.0,2024,7,2,1,0.0,0.0,0.0,0.0,0.0,103
198201,2024-07-03,32,Kerala,0.0,0.0,30.68,0.0,2024,7,3,1,0.0,0.0,0.0,0.0,0.0,104
198236,2024-07-04,32,Kerala,0.0,0.0,31.66,0.0,2024,7,4,1,0.0,0.0,0.0,0.0,0.0,105
198271,2024-07-05,32,Kerala,0.0,0.0,30.82,0.0,2024,7,5,1,0.0,0.0,0.0,0.0,0.0,106
198306,2024-07-06,32,Kerala,0.0,0.0,29.24,0.0,2024,7,6,1,0.0,0.0,0.0,0.0,0.0,107
198341,2024-07-07,32,Kerala,0.0,0.0,28.19,0.0,2024,7,7,1,0.0,0.0,0.0,0.0,0.0,108
198376,2024-07-08,32,Kerala,0.0,0.0,24.64,0.0,2024,7,8,1,0.0,0.0,0.0,0.0,0.0,109
198411,2024-07-09,32,Kerala,0.0,0.0,23.13,0.0,2024,7,9,1,0.0,0.0,0.0,0.0,0.0,110
198446,2024-07-10,32,Kerala,0.0,0.0,25.75,0.0,2024,7,10,1,0.0,0.0,0.0,0.0,0.0,111
198481,2024-07-11,32,Kerala,0.0,0.0,27.29,0.0,2024,7,11,1,0.0,0.0,0.0,0.0,0.0,112
198516,2024-07-12,32,Kerala,0.0,0.0,25.43,0.0,2024,7,12,1,0.0,0.0,0.0,0.0,0.0,113
198551,2024-07-13,32,Kerala,0.0,0.0,23.21,0.0,2024,7,13,1,0.0,0.0,0.0,0.0,0.0,114
198586,2024-07-14,32,Kerala,0.0,0.0,22.45,0.0,2024,7,14,1,0.0,0.0,0.0,0.0,0.0,115
198621,2024-07-15,32,Kerala,0.0,0.0,22.97,0.0,2024,7,15,1,0.0,0.0,0.0,0.0,0.0,116
198656,2024-07-16,32,Kerala,0.0,0.0,23.95,0.0,2024,7,16,1,0.0,0.0,0.0,0.0,0.0,117
198691,2024-07-17,32,Kerala,0.0,0.0,23.81,0.0,2024,7,17,1,0.0,0.0,0.0,0.0,0.0,118
198726,2024-07-18,32,Kerala,0.0,0.0,22.23,0.0,2024,7,18,1,0.0,0.0,0.0,0.0,0.0,119
198761,2024-07-19,32,Kerala,0.0,0.0,22.82,0.0,2024,7,19,1,0.0,0.0,0.0,0.0,0.0,120
198796,2024-07-20,32,Kerala,0.0,0.0,23.95,0.0,2024,7,20,1,0.0,0.0,0.0,0.0,0.0,121
198831,2024-07-21,32,Kerala,0.0,0.0,25.17,0.0,2024,7,21,1,0.0,0.0,0.0,0.0,0.0,122
198866,2024-07-22,32,Kerala,0.0,0.0,22.94,0.0,2024,7,22,1,0.0,0.0,0.0,0.0,0.0,123
198901,2024-07-23,32,Kerala,0.0,0.0,25.88,0.0,2024,7,23,1,0.0,0.0,0.0,0.0,0.0,124
198936,2024-07-24,32,Kerala,0.0,0.0,24.71,0.0,2024,7,24,1,0.0,0.0,0.0,0.0,0.0,125
198971,2024-07-25,32,Kerala,0.0,0.0,22.74,0.0,2024,7,25,1,0.0,0.0,0.0,0.0,0.0,126
199006,2024-07-26,32,Kerala,0.0,0.0,23.43,0.0,2024,7,26,1,0.0,0.0,0.0,0.0,0.0,127
199041,2024-07-27,32,Kerala,0.0,0.0,21.18,0.0,2024,7,27,1,0.0,0.0,0.0,0.0,0.0,128
199076,2024-07-28,32,Kerala,0.0,0.0,20.71,0.0,2024,7,28,1,0.0,0.0,0.0,0.0,0.0,129
199111,2024-07-29,32,Kerala,0.0,0.0,18.5,0.0,2024,7,29,1,0.0,0.0,0.0,0.0,0.0,130
199146,2024-07-30,32,Kerala,0.0,0.0,16.92,0.0,2024,7,30,1,0.0,0.0,0.0,0.0,0.0,131
199181,2024-07-31,32,Kerala,0.0,0.0,15.57,0.0,2024,7,31,1,0.0,0.0,0.0,0.0,0.0,132
198148,2024-07-02,37,Ladakh,0.0,0.0,0.0,0.0,2024,7,2,1,0.0,0.0,0.0,0.0,0.0,109
198183,2024-07-03,37,Ladakh,0.0,0.0,0.0,0.0,2024,7,3,1,0.0,0.0,0.0,0.0,0.0,110
198218,2024-07-04,37,Ladakh,0.0,0.0,0.0,0.0,2024,7,4,1,0.0,0.0,0.0,0.0,0.0,111
198253,2024-07-05,37,Ladakh,0.0,0.0,0.0,0.0,2024,7,5,1,0.0,0.0,0.0,0.0,0.0,112
198288,2024-07-06,37,Ladakh,0.0,0.0,0.0,0.0,2024,7,6,1,0.0,0.0,0.0,0.0,0.0,113
198323,2024-07-07,37,Ladakh,0.0,0.0,0.0,0.0,2024,7,7,1,0.0,0.0,0.0,0.0,0.0,114
198358,2024-07-08,37,Ladakh,0.0,0.0,0.0,0.0,2024,7,8,1,0.0,0.0,0.0,0.0,0.0,115
198393,2024-07-09,37,Ladakh,0.0,0.0,0.0,0.0,2024,7,9,1,0.0,0.0,0.0,0.0,0.0,116
198428,2024-07-10,37,Ladakh,0.0,0.0,0.0,0.0,2024,7,10,1,0.0,0.0,0.0,0.0,0.0,117
198463,2024-07-11,37,Ladakh,0.0,0.0,0.0,0.0,2024,7,11,1,0.0,0.0,0.0,0.0,0.0,118
198498,2024-07-12,37,Ladakh,0.0,0.0,0.0,0.0,2024,7,12,1,0.0,0.0,0.0,0.0,0.0,119
198533,2024-07-13,37,Ladakh,0.0,0.0,0.0,0.0,2024,7,13,1,0.0,0.0,0.0,0.0,0.0,120
198568,2024-07-14,37,Ladakh,0.0,0.0,0.0,0.0,2024,7,14,1,0.0,0.0,0.0,0.0,0.0,121
198603,2024-07-15,37,Ladakh,0.0,0.0,0.0,0.0,2024,7,15,1,0.0,0.0,0.0,0.0,0.0,122
198638,2024-07-16,37,Ladakh,0.0,0.0,0.0,0.0,2024,7,16,1,0.0,0.0,0.0,0.0,0.0,123
198673,2024-07-17,37,Ladakh,0.0,0.0,0.0,0.0,2024,7,17,1,0.0,0.0,0.0,0.0,0.0,124
198708,2024-07-18,37,Ladakh,0.0,0.0,0.0,0.0,2024,7,18,1,0.0,0.0,0.0,0.0,0.0,125
198743,2024-07-19,37,Ladakh,0.0,0.0,0.0,0.0,2024,7,19,1,0.0,0.0,0.0,0.0,0.0,126
198778,2024-07-20,37,Ladakh,0.0,0.0,0.0,0.0,2024,7,20,1,0.0,0.0,0.0,0.0,0.0,127
198813,2024-07-21,37,Ladakh,0.0,0.0,0.0,0.0,2024,7,21,1,0.0,0.0,0.0,0.0,0.0,128
198848,2024-07-22,37,Ladakh,0.0,0.0,0.0,0.0,2024,7,22,1,0.0,0.0,0.0,0.0,0.0,129
198883,2024-07-23,37,Ladakh,0.0,0.0,0.0,0.0,2024,7,23,1,0.0,0.0,0.0,0.0,0.0,130
198918,2024-07-24,37,Ladakh,0.0,0.0,0.0,0.0,2024,7,24,1,0.0,0.0,0.0,0.0,0.0,131
198953,2024-07-25,37,Ladakh,0.0,0.0,0.0,0.0,2024,7,25,1,0.0,0.0,0.0,0.0,0.0,132
198988,2024-07-26,37,Ladakh,0.0,0.0,0.0,0.0,2024,7,26,1,0.0,0.0,0.0,0.0,0.0,133
199023,2024-07-27,37,Ladakh,0.0,0.0,0.0,0.0,2024,7,27,1,0.0,0.0,0.0,0.0,0.0,134
199058,2024-07-28,37,Ladakh,0.0,0.0,0.0,0.0,2024,7,28,1,0.0,0.0,0.0,0.0,0.0,135
199093,2024-07-29,37,Ladakh,0.0,0.0,0.0,0.0,2024,7,29,1,0.0,0.0,0.0,0.0,0.0,136
199128,2024-07-30,37,Ladakh,0.0,0.0,0.0,0.0,2024,7,30,1,0.0,0.0,0.0,0.0,0.0,137
199163,2024-07-31,37,Ladakh,0.0,0.0,0.0,0.0,2024,7,31,1,0.0,0.0,0.0,0.0,0.0,138
198142,2024-07-02,31,Lakshadweep,0.0,0.0,0.0,0.0,2024,7,2,1,0.0,0.0,0.0,0.0,0.0,5661
198177,2024-07-03,31,Lakshadweep,0.0,0.0,0.0,0.0,2024,7,3,1,0.0,0.0,0.0,0.0,0.0,5662
198212,2024-07-04,31,Lakshadweep,0.0,0.0,0.0,0.0,2024,7,4,1,0.0,0.0,0.0,0.0,0.0,5663
198247,2024-07-05,31,Lakshadweep,0.0,0.0,0.0,0.0,2024,7,5,1,0.0,0.0,0.0,0.0,0.0,5664
198282,2024-07-06,31,Lakshadweep,0.0,0.0,0.0,0.0,2024,7,6,1,0.0,0.0,0.0,0.0,0.0,5665
198317,2024-07-07,31,Lakshadweep,0.0,0.0,0.0,0.0,2024,7,7,1,0.0,0.0,0.0,0.0,0.0,5666
198352,2024-07-08,31,Lakshadweep,0.0,0.0,0.0,0.0,2024,7,8,1,0.0,0.0,0.0,0.0,0.0,5667
198387,2024-07-09,31,Lakshadweep,0.0,0.0,0.0,0.0,2024,7,9,1,0.0,0.0,0.0,0.0,0.0,5668
198422,2024-07-10,31,Lakshadweep,0.0,0.0,0.0,0.0,2024,7,10,1,0.0,0.0,0.0,0.0,0.0,5669
198457,2024-07-11,31,Lakshadweep,0.0,0.0,0.0,0.0,2024,7,11,1,0.0,0.0,0.0,0.0,0.0,5670
198492,2024-07-12,31,Lakshadweep,0.0,0.0,0.0,0.0,2024,7,12,1,0.0,0.0,0.0,0.0,0.0,5671
198527,2024-07-13,31,Lakshadweep,0.0,0.0,0.0,0.0,2024,7,13,1,0.0,0.0,0.0,0.0,0.0,5672
198562,2024-07-14,31,Lakshadweep,0.0,0.0,0.0,0.0,2024,7,14,1,0.0,0.0,0.0,0.0,0.0,5673
198597,2024-07-15,31,Lakshadweep,0.0,0.0,0.0,0.0,2024,7,15,1,0.0,0.0,0.0,0.0,0.0,5674
198632,2024-07-16,31,Lakshadweep,0.0,0.0,0.0,0.0,2024,7,16,1,0.0,0.0,0.0,0.0,0.0,5675
198667,2024-07-17,31,Lakshadweep,0.0,0.0,0.0,0.0,2024,7,17,1,0.0,0.0,0.0,0.0,0.0,5676
198702,2024-07-18,31,Lakshadweep,0.0,0.0,0.0,0.0,2024,7,18,1,0.0,0.0,0.0,0.0,0.0,5677
198737,2024-07-19,31,Lakshadweep,0.0,0.0,0.0,0.0,2024,7,19,1,0.0,0.0,0.0,0.0,0.0,5678
198772,2024-07-20,31,Lakshadweep,0.0,0.0,0.0,0.0,2024,7,20,1,0.0,0.0,0.0,0.0,0.0,5679
198807,2024-07-21,31,Lakshadweep,0.0,0.0,0.0,0.0,2024,7,21,1,0.0,0.0,0.0,0.0,0.0,5680
198842,2024-07-22,31,Lakshadweep,0.0,0.0,0.0,0.0,2024,7,22,1,0.0,0.0,0.0,0.0,0.0,5681
198877,2024-07-23,31,Lakshadweep,0.0,0.0,0.0,0.0,2024,7,23,1,0.0,0.0,0.0,0.0,0.0,5682
198912,2024-07-24,31,Lakshadweep,0.0,0.0,0.0,0.0,2024,7,24,1,0.0,0.0,0.0,0.0,0.0,5683
198947,2024-07-25,31,Lakshadweep,0.0,0.0,0.0,0.0,2024,7,25,1,0.0,0.0,0.0,0.0,0.0,5684
198982,2024-07-26,31,Lakshadweep,0.0,0.0,0.0,0.0,2024,7,26,1,0.0,0.0,0.0,0.0,0.0,5685
199017,2024-07-27,31,Lakshadweep,0.0,0.0,0.0,0.0,2024,7,27,1,0.0,0.0,0.0,0.0,0.0,5686
199052,2024-07-28,31,Lakshadweep,0.0,0.0,0.0,0.0,2024,7,28,1,0.0,0.0,0.0,0.0,0.0,5687
199087,2024-07-29,31,Lakshadweep,0.0,0.0,0.0,0.0,2024,7,29,1,0.0,0.0,0.0,0.0,0.0,5688
199122,2024-07-30,31,Lakshadweep,0.0,0.0,0.0,0.0,2024,7,30,1,0.0,0.0,0.0,0.0,0.0,5689
199157,2024-07-31,31,Lakshadweep,0.0,0.0,0.0,0.0,2024,7,31,1,0.0,0.0,0.0,0.0,0.0,5690
198153,2024-07-02,23,Madhya Pradesh,0.0,0.0,9.3,0.0,2024,7,2,1,0.0,0.0,0.0,0.0,0.0,103
198188,2024-07-03,23,Madhya Pradesh,0.0,0.0,9.02,0.0,2024,7,3,1,0.0,0.0,0.0,0.0,0.0,104
198223,2024-07-04,23,Madhya Pradesh,0.0,0.0,9.27,0.0,2024,7,4,1,0.0,0.0,0.0,0.0,0.0,105
198258,2024-07-05,23,Madhya Pradesh,0.0,0.0,10.2,0.0,2024,7,5,1,0.0,0.0,0.0,0.0,0.0,106
198293,2024-07-06,23,Madhya Pradesh,0.0,0.0,12.6,0.0,2024,7,6,1,0.0,0.0,0.0,0.0,0.0,107
198328,2024-07-07,23,Madhya Pradesh,0.0,0.0,11.63,0.0,2024,7,7,1,0.0,0.0,0.0,0.0,0.0,108
198363,2024-07-08,23,Madhya Pradesh,0.0,0.0,10.72,0.0,2024,7,8,1,0.0,0.0,0.0,0.0,0.0,109
198398,2024-07-09,23,Madhya Pradesh,0.0,0.0,11.0,0.0,2024,7,9,1,0.0,0.0,0.0,0.0,0.0,110
198433,2024-07-10,23,Madhya Pradesh,0.0,0.0,10.03,0.0,2024,7,10,1,0.0,0.0,0.0,0.0,0.0,111
198468,2024-07-11,23,Madhya Pradesh,0.0,0.0,10.82,0.0,2024,7,11,1,0.0,0.0,0.0,0.0,0.0,112
198503,2024-07-12,23,Madhya Pradesh,0.0,0.0,11.88,0.0,2024,7,12,1,0.0,0.0,0.0,0.0,0.0,113
198538,2024-07-13,23,Madhya Pradesh,0.0,0.0,12.85,0.0,2024,7,13,1,0.0,0.0,0.0,0.0,0.0,114
198573,2024-07-14,23,Madhya Pradesh,0.0,0.0,10.57,0.0,2024,7,14,1,0.0,0.0,0.0,0.0,0.0,115
198608,2024-07-15,23,Madhya Pradesh,0.0,0.0,10.1,0.0,2024,7,15,1,0.0,0.0,0.0,0.0,0.0,116
198643,2024-07-16,23,Madhya Pradesh,0.0,0.0,10.44,0.0,2024,7,16,1,0.0,0.0,0.0,0.0,0.0,117
198678,2024-07-17,23,Madhya Pradesh,0.0,0.0,10.37,0.0,2024,7,17,1,0.0,0.0,0.0,0.0,0.0,118
198713,2024-07-18,23,Madhya Pradesh,0.0,0.0,10.15,0.0,2024,7,18,1,0.0,0.0,0.0,0.0,0.0,119
198748,2024-07-19,23,Madhya Pradesh,0.0,0.0,11.07,0.0,2024,7,19,1,0.0,0.0,0.0,0.0,0.0,120
198783,2024-07-20,23,Madhya Pradesh,0.0,0.0,11.55,0.0,2024,7,20,1,0.0,0.0,0.0,0.0,0.0,121
198818,2024-07-21,23,Madhya Pradesh,0.0,0.0,11.18,0.0,2024,7,21,1,0.0,0.0,0.0,0.0,0.0,122
198853,2024-07-22,23,Madhya Pradesh,0.0,0.0,11.18,0.0,2024,7,22,1,0.0,0.0,0.0,0.0,0.0,123
198888,2024-07-23,23,Madhya Pradesh,0.0,0.0,10.81,0.0,2024,7,23,1,0.0,0.0,0.0,0.0,0.0,124
198923,2024-07-24,23,Madhya Pradesh,0.0,0.0,10.78,0.0,2024,7,24,1,0.0,0.0,0.0,0.0,0.0,125
198958,2024-07-25,23,Madhya Pradesh,0.0,0.0,11.19,0.0,2024,7,25,1,0.0,0.0,0.0,0.0,0.0,126
198993,2024-07-26,23,Madhya Pradesh,0.0,0.0,12.77,0.0,2024,7,26,1,0.0,0.0,0.0,0.0,0.0,127
199028,2024-07-27,23,Madhya Pradesh,0.0,0.0,11.94,0.0,2024,7,27,1,0.0,0.0,0.0,0.0,0.0,128
199063,2024-07-28,23,Madhya Pradesh,0.0,0.0,12.16,0.0,2024,7,28,1,0.0,0.0,0.0,0.0,0.0,129
199098,2024-07-29,23,Madhya Pradesh,0.0,0.0,11.54,0.0,2024,7,29,1,0.0,0.0,0.0,0.0,0.0,130
199133,2024-07-30,23,Madhya Pradesh,0.0,0.0,10.73,0.0,2024,7,30,1,0.0,0.0,0.0,0.0,0.0,131
199168,2024-07-31,23,Madhya Pradesh,0.0,0.0,10.68,0.0,2024,7,31,1,0.0,0.0,0.0,0.0,0.0,132
198143,2024-07-02,27,Maharashtra,0.0,0.0,12.85,0.0,2024,7,2,1,0.0,0.0,0.0,0.0,0.0,103
198178,2024-07-03,27,Maharashtra,0.0,0.0,10.97,0.0,2024,7,3,1,0.0,0.0,0.0,0.0,0.0,104
198213,2024-07-04,27,Maharashtra,0.0,0.0,11.14,0.0,2024,7,4,1,0.0,0.0,0.0,0.0,0.0,105
198248,2024-07-05,27,Maharashtra,0.0,0.0,12.06,0.0,2024,7,5,1,0.0,0.0,0.0,0.0,0.0,106
198283,2024-07-06,27,Maharashtra,0.0,0.0,11.3,0.0,2024,7,6,1,0.0,0.0,0.0,0.0,0.0,107
198318,2024-07-07,27,Maharashtra,0.0,0.0,10.97,0.0,2024,7,7,1,0.0,0.0,0.0,0.0,0.0,108
198353,2024-07-08,27,Maharashtra,0.0,0.0,11.15,0.0,2024,7,8,1,0.0,0.0,0.0,0.0,0.0,109
198388,2024-07-09,27,Maharashtra,0.0,0.0,10.82,0.0,2024,7,9,1,0.0,0.0,0.0,0.0,0.0,110
198423,2024-07-10,27,Maharashtra,0.0,0.0,10.4,0.0,2024,7,10,1,0.0,0.0,0.0,0.0,0.0,111
198458,2024-07-11,27,Maharashtra,0.0,0.0,10.98,0.0,2024,7,11,1,0.0,0.0,0.0,0.0,0.0,112
198493,2024-07-12,27,Maharashtra,0.0,0.0,11.51,0.0,2024,7,12,1,0.0,0.0,0.0,0.0,0.0,113
198528,2024-07-13,27,Maharashtra,0.0,0.0,10.04,0.0,2024,7,13,1,0.0,0.0,0.0,0.0,0.0,114
198563,2024-07-14,27,Maharashtra,0.0,0.0,10.58,0.0,2024,7,14,1,0.0,0.0,0.0,0.0,0.0,115
198598,2024-07-15,27,Maharashtra,0.0,0.0,11.06,0.0,2024,7,15,1,0.0,0.0,0.0,0.0,0.0,116
198633,2024-07-16,27,Maharashtra,0.0,0.0,10.42,0.0,2024,7,16,1,0.0,0.0,0.0,0.0,0.0,117
198668,2024-07-17,27,Maharashtra,0.0,0.0,10.58,0.0,2024,7,17,1,0.0,0.0,0.0,0.0,0.0,118
198703,2024-07-18,27,Maharashtra,0.0,0.0,11.1,0.0,2024,7,18,1,0.0,0.0,0.0,0.0,0.0,119
198738,2024-07-19,27,Maharashtra,0.0,0.0,11.34,0.0,2024,7,19,1,0.0,0.0,0.0,0.0,0.0,120
198773,2024-07-20,27,Maharashtra,0.0,0.0,11.06,0.0,2024,7,20,1,0.0,0.0,0.0,0.0,0.0,121
198808,2024-07-21,27,Maharashtra,0.0,0.0,10.88,0.0,2024,7,21,1,0.0,0.0,0.0,0.0,0.0,122
198843,2024-07-22,27,Maharashtra,0.0,0.0,10.42,0.0,2024,7,22,1,0.0,0.0,0.0,0.0,0.0,123
198878,2024-07-23,27,Maharashtra,0.0,0.0,10.11,0.0,2024,7,23,1,0.0,0.0,0.0,0.0,0.0,124
198913,2024-07-24,27,Maharashtra,0.0,0.0,12.16,0.0,2024,7,24,1,0.0,0.0,0.0,0.0,0.0,125
198948,2024-07-25,27,Maharashtra,0.0,0.0,11.17,0.0,2024,7,25,1,0.0,0.0,0.0,0.0,0.0,126
198983,2024-07-26,27,Maharashtra,0.0,0.0,12.25,0.0,2024,7,26,1,0.0,0.0,0.0,0.0,0.0,127
199018,2024-07-27,27,Maharashtra,0.0,0.0,10.2,0.0,2024,7,27,1,0.0,0.0,0.0,0.0,0.0,128
199053,2024-07-28,27,Maharashtra,0.0,0.0,10.63,0.0,2024,7,28,1,0.0,0.0,0.0,0.0,0.0,129
199088,2024-07-29,27,Maharashtra,0.0,0.0,10.53,0.0,2024,7,29,1,0.0,0.0,0.0,0.0,0.0,130
199123,2024-07-30,27,Maharashtra,0.0,0.0,10.81,0.0,2024,7,30,1,0.0,0.0,0.0,0.0,0.0,131
199158,2024-07-31,27,Maharashtra,0.0,0.0,10.98,0.0,2024,7,31,1,0.0,0.0,0.0,0.0,0.0,132
198154,2024-07-02,14,Manipur,0.0,0.0,6.03,0.0,2024,7,2,1,0.0,0.0,0.0,0.0,0.0,103
198189,2024-07-03,14,Manipur,0.0,0.0,8.55,0.0,2024,7,3,1,0.0,0.0,0.0,0.0,0.0,104
198224,2024-07-04,14,Manipur,0.0,0.0,4.28,0.0,2024,7,4,1,0.0,0.0,0.0,0.0,0.0,105
198259,2024-07-05,14,Manipur,0.0,0.0,8.17,0.0,2024,7,5,1,0.0,0.0,0.0,0.0,0.0,106
198294,2024-07-06,14,Manipur,0.0,0.0,7.51,0.0,2024,7,6,1,0.0,0.0,0.0,0.0,0.0,107
198329,2024-07-07,14,Manipur,0.0,0.0,7.24,0.0,2024,7,7,1,0.0,0.0,0.0,0.0,0.0,108
198364,2024-07-08,14,Manipur,0.0,0.0,11.56,0.0,2024,7,8,1,0.0,0.0,0.0,0.0,0.0,109
198399,2024-07-09,14,Manipur,0.0,0.0,9.21,0.0,2024,7,9,1,0.0,0.0,0.0,0.0,0.0,110
198434,2024-07-10,14,Manipur,0.0,0.0,9.76,0.0,2024,7,10,1,0.0,0.0,0.0,0.0,0.0,111
198469,2024-07-11,14,Manipur,0.0,0.0,6.53,0.0,2024,7,11,1,0.0,0.0,0.0,0.0,0.0,112
198504,2024-07-12,14,Manipur,0.0,0.0,7.44,0.0,2024,7,12,1,0.0,0.0,0.0,0.0,0.0,113
198539,2024-07-13,14,Manipur,0.0,0.0,11.23,0.0,2024,7,13,1,0.0,0.0,0.0,0.0,0.0,114
198574,2024-07-14,14,Manipur,0.0,0.0,8.0,0.0,2024,7,14,1,0.0,0.0,0.0,0.0,0.0,115
198609,2024-07-15,14,Manipur,0.0,0.0,7.8,0.0,2024,7,15,1,0.0,0.0,0.0,0.0,0.0,116
198644,2024-07-16,14,Manipur,0.0,0.0,6.86,0.0,2024,7,16,1,0.0,0.0,0.0,0.0,0.0,117
198679,2024-07-17,14,Manipur,0.0,0.0,6.77,0.0,2024,7,17,1,0.0,0.0,0.0,0.0,0.0,118
198714,2024-07-18,14,Manipur,0.0,0.0,5.6,0.0,2024,7,18,1,0.0,0.0,0.0,0.0,0.0,119
198749,2024-07-19,14,Manipur,0.0,0.0,5.63,0.0,2024,7,19,1,0.0,0.0,0.0,0.0,0.0,120
198784,2024-07-20,14,Manipur,0.0,0.0,6.52,0.0,2024,7,20,1,0.0,0.0,0.0,0.0,0.0,121
198819,2024-07-21,14,Manipur,0.0,0.0,6.28,0.0,2024,7,21,1,0.0,0.0,0.0,0.0,0.0,122
198854,2024-07-22,14,Manipur,0.0,0.0,4.46,0.0,2024,7,22,1,0.0,0.0,0.0,0.0,0.0,123
198889,2024-07-23,14,Manipur,0.0,0.0,8.09,0.0,2024,7,23,1,0.0,0.0,0.0,0.0,0.0,124
198924,2024-07-24,14,Manipur,0.0,0.0,7.71,0.0,2024,7,24,1,0.0,0.0,0.0,0.0,0.0,125
198959,2024-07-25,14,Manipur,0.0,0.0,6.36,0.0,2024,7,25,1,0.0,0.0,0.0,0.0,0.0,126
198994,2024-07-26,14,Manipur,0.0,0.0,8.75,0.0,2024,7,26,1,0.0,0.0,0.0,0.0,0.0,127
199029,2024-07-27,14,Manipur,0.0,0.0,7.43,0.0,2024,7,27,1,0.0,0.0,0.0,0.0,0.0,128
199064,2024-07-28,14,Manipur,0.0,0.0,5.99,0.0,2024,7,28,1,0.0,0.0,0.0,0.0,0.0,129
199099,2024-07-29,14,Manipur,0.0,0.0,10.34,0.0,2024,7,29,1,0.0,0.0,0.0,0.0,0.0,130
199134,2024-07-30,14,Manipur,0.0,0.0,11.33,0.0,2024,7,30,1,0.0,0.0,0.0,0.0,0.0,131
199169,2024-07-31,14,Manipur,0.0,0.0,8.66,0.0,2024,7,31,1,0.0,0.0,0.0,0.0,0.0,132
198141,2024-07-02,17,Meghalaya,0.0,0.0,66.47,0.0,2024,7,2,1,0.0,0.0,0.0,0.0,0.0,103
198176,2024-07-03,17,Meghalaya,0.0,0.0,47.88,0.0,2024,7,3,1,0.0,0.0,0.0,0.0,0.0,104
198211,2024-07-04,17,Meghalaya,0.0,0.0,47.17,0.0,2024,7,4,1,0.0,0.0,0.0,0.0,0.0,105
198246,2024-07-05,17,Meghalaya,0.0,0.0,51.39,0.0,2024,7,5,1,0.0,0.0,0.0,0.0,0.0,106
198281,2024-07-06,17,Meghalaya,0.0,0.0,73.22,0.0,2024,7,6,1,0.0,0.0,0.0,0.0,0.0,107
198316,2024-07-07,17,Meghalaya,0.0,0.0,62.35,0.0,2024,7,7,1,0.0,0.0,0.0,0.0,0.0,108
198351,2024-07-08,17,Meghalaya,0.0,0.0,65.33,0.0,2024,7,8,1,0.0,0.0,0.0,0.0,0.0,109
198386,2024-07-09,17,Meghalaya,0.0,0.0,66.54,0.0,2024,7,9,1,0.0,0.0,0.0,0.0,0.0,110
198421,2024-07-10,17,Meghalaya,0.0,0.0,71.98,0.0,2024,7,10,1,0.0,0.0,0.0,0.0,0.0,111
198456,2024-07-11,17,Meghalaya,0.0,0.0,97.68,0.0,2024,7,11,1,0.0,0.0,0.0,0.0,0.0,112
198491,2024-07-12,17,Meghalaya,0.0,0.0,92.01,0.0,2024,7,12,1,0.0,0.0,0.0,0.0,0.0,113
198526,2024-07-13,17,Meghalaya,0.0,0.0,73.96,0.0,2024,7,13,1,0.0,0.0,0.0,0.0,0.0,114
198561,2024-07-14,17,Meghalaya,0.0,0.0,75.4,0.0,2024,7,14,1,0.0,0.0,0.0,0.0,0.0,115
198596,2024-07-15,17,Meghalaya,0.0,0.0,73.63,0.0,2024,7,15,1,0.0,0.0,0.0,0.0,0.0,116
198631,2024-07-16,17,Meghalaya,0.0,0.0,58.24,0.0,2024,7,16,1,0.0,0.0,0.0,0.0,0.0,117
198666,2024-07-17,17,Meghalaya,0.0,0.0,82.0,0.0,2024,7,17,1,0.0,0.0,0.0,0.0,0.0,118
198701,2024-07-18,17,Meghalaya,0.0,0.0,65.98,0.0,2024,7,18,1,0.0,0.0,0.0,0.0,0.0,119
198736,2024-07-19,17,Meghalaya,0.0,0.0,52.16,0.0,2024,7,19,1,0.0,0.0,0.0,0.0,0.0,120
198771,2024-07-20,17,Meghalaya,0.0,0.0,63.26,0.0,2024,7,20,1,0.0,0.0,0.0,0.0,0.0,121
198806,2024-07-21,17,Meghalaya,0.0,0.0,58.91,0.0,2024,7,21,1,0.0,0.0,0.0,0.0,0.0,122
198841,2024-07-22,17,Meghalaya,0.0,0.0,57.51,0.0,2024,7,22,1,0.0,0.0,0.0,0.0,0.0,123
198876,2024-07-23,17,Meghalaya,0.0,0.0,58.86,0.0,2024,7,23,1,0.0,0.0,0.0,0.0,0.0,124
198911,2024-07-24,17,Meghalaya,0.0,0.0,63.94,0.0,2024,7,24,1,0.0,0.0,0.0,0.0,0.0,125
198946,2024-07-25,17,Meghalaya,0.0,0.0,59.35,0.0,2024,7,25,1,0.0,0.0,0.0,0.0,0.0,126
198981,2024-07-26,17,Meghalaya,0.0,0.0,66.46,0.0,2024,7,26,1,0.0,0.0,0.0,0.0,0.0,127
199016,2024-07-27,17,Meghalaya,0.0,0.0,51.84,0.0,2024,7,27,1,0.0,0.0,0.0,0.0,0.0,128
199051,2024-07-28,17,Meghalaya,0.0,0.0,49.38,0.0,2024,7,28,1,0.0,0.0,0.0,0.0,0.0,129
199086,2024-07-29,17,Meghalaya,0.0,0.0,50.1,0.0,2024,7,29,1,0.0,0.0,0.0,0.0,0.0,130
199121,2024-07-30,17,Meghalaya,0.0,0.0,55.1,0.0,2024,7,30,1,0.0,0.0,0.0,0.0,0.0,131
199156,2024-07-31,17,Meghalaya,0.0,0.0,48.87,0.0,2024,7,31,1,0.0,0.0,0.0,0.0,0.0,132
198169,2024-07-02,15,Mizoram,0.0,0.0,9.2,0.0,2024,7,2,1,0.0,0.0,0.0,0.0,0.0,103
198204,2024-07-03,15,Mizoram,0.0,0.0,13.6,0.0,2024,7,3,1,0.0,0.0,0.0,0.0,0.0,104
198239,2024-07-04,15,Mizoram,0.0,0.0,9.5,0.0,2024,7,4,1,0.0,0.0,0.0,0.0,0.0,105
198274,2024-07-05,15,Mizoram,0.0,0.0,7.8,0.0,2024,7,5,1,0.0,0.0,0.0,0.0,0.0,106
198309,2024-07-06,15,Mizoram,0.0,0.0,3.8,0.0,2024,7,6,1,0.0,0.0,0.0,0.0,0.0,107
198344,2024-07-07,15,Mizoram,0.0,0.0,10.6,0.0,2024,7,7,1,0.0,0.0,0.0,0.0,0.0,108
198379,2024-07-08,15,Mizoram,0.0,0.0,12.6,0.0,2024,7,8,1,0.0,0.0,0.0,0.0,0.0,109
198414,2024-07-09,15,Mizoram,0.0,0.0,14.0,0.0,2024,7,9,1,0.0,0.0,0.0,0.0,0.0,110
198449,2024-07-10,15,Mizoram,0.0,0.0,11.4,0.0,2024,7,10,1,0.0,0.0,0.0,0.0,0.0,111
198484,2024-07-11,15,Mizoram,0.0,0.0,14.8,0.0,2024,7,11,1,0.0,0.0,0.0,0.0,0.0,112
198519,2024-07-12,15,Mizoram,0.0,0.0,16.6,0.0,2024,7,12,1,0.0,0.0,0.0,0.0,0.0,113
198554,2024-07-13,15,Mizoram,0.0,0.0,7.6,0.0,2024,7,13,1,0.0,0.0,0.0,0.0,0.0,114
198589,2024-07-14,15,Mizoram,0.0,0.0,9.8,0.0,2024,7,14,1,0.0,0.0,0.0,0.0,0.0,115
198624,2024-07-15,15,Mizoram,0.0,0.0,7.6,0.0,2024,7,15,1,0.0,0.0,0.0,0.0,0.0,116
198659,2024-07-16,15,Mizoram,0.0,0.0,11.7,0.0,2024,7,16,1,0.0,0.0,0.0,0.0,0.0,117
198694,2024-07-17,15,Mizoram,0.0,0.0,6.7,0.0,2024,7,17,1,0.0,0.0,0.0,0.0,0.0,118
198729,2024-07-18,15,Mizoram,0.0,0.0,9.9,0.0,2024,7,18,1,0.0,0.0,0.0,0.0,0.0,119
198764,2024-07-19,15,Mizoram,0.0,0.0,10.8,0.0,2024,7,19,1,0.0,0.0,0.0,0.0,0.0,120
198799,2024-07-20,15,Mizoram,0.0,0.0,10.5,0.0,2024,7,20,1,0.0,0.0,0.0,0.0,0.0,121
198834,2024-07-21,15,Mizoram,0.0,0.0,10.5,0.0,2024,7,21,1,0.0,0.0,0.0,0.0,0.0,122
198869,2024-07-22,15,Mizoram,0.0,0.0,10.0,0.0,2024,7,22,1,0.0,0.0,0.0,0.0,0.0,123
198904,2024-07-23,15,Mizoram,0.0,0.0,12.1,0.0,2024,7,23,1,0.0,0.0,0.0,0.0,0.0,124
198939,2024-07-24,15,Mizoram,0.0,0.0,6.4,0.0,2024,7,24,1,0.0,0.0,0.0,0.0,0.0,125
198974,2024-07-25,15,Mizoram,0.0,0.0,7.9,0.0,2024,7,25,1,0.0,0.0,0.0,0.0,0.0,126
199009,2024-07-26,15,Mizoram,0.0,0.0,6.4,0.0,2024,7,26,1,0.0,0.0,0.0,0.0,0.0,127
199044,2024-07-27,15,Mizoram,0.0,0.0,13.1,0.0,2024,7,27,1,0.0,0.0,0.0,0.0,0.0,128
199079,2024-07-28,15,Mizoram,0.0,0.0,8.4,0.0,2024,7,28,1,0.0,0.0,0.0,0.0,0.0,129
199114,2024-07-29,15,Mizoram,0.0,0.0,7.7,0.0,2024,7,29,1,0.0,0.0,0.0,0.0,0.0,130
199149,2024-07-30,15,Mizoram,0.0,0.0,11.0,0.0,2024,7,30,1,0.0,0.0,0.0,0.0,0.0,131
199184,2024-07-31,15,Mizoram,0.0,0.0,7.9,0.0,2024,7,31,1,0.0,0.0,0.0,0.0,0.0,132
198160,2024-07-02,13,Nagaland,0.0,0.0,8.97,0.0,2024,7,2,1,0.0,0.0,0.0,0.0,0.0,103
198195,2024-07-03,13,Nagaland,0.0,0.0,8.13,0.0,2024,7,3,1,0.0,0.0,0.0,0.0,0.0,104
198230,2024-07-04,13,Nagaland,0.0,0.0,11.1,0.0,2024,7,4,1,0.0,0.0,0.0,0.0,0.0,105
198265,2024-07-05,13,Nagaland,0.0,0.0,12.09,0.0,2024,7,5,1,0.0,0.0,0.0,0.0,0.0,106
198300,2024-07-06,13,Nagaland,0.0,0.0,11.98,0.0,2024,7,6,1,0.0,0.0,0.0,0.0,0.0,107
198335,2024-07-07,13,Nagaland,0.0,0.0,16.63,0.0,2024,7,7,1,0.0,0.0,0.0,0.0,0.0,108
198370,2024-07-08,13,Nagaland,0.0,0.0,11.03,0.0,2024,7,8,1,0.0,0.0,0.0,0.0,0.0,109
198405,2024-07-09,13,Nagaland,0.0,0.0,14.59,0.0,2024,7,9,1,0.0,0.0,0.0,0.0,0.0,110
198440,2024-07-10,13,Nagaland,0.0,0.0,12.12,0.0,2024,7,10,1,0.0,0.0,0.0,0.0,0.0,111
198475,2024-07-11,13,Nagaland,0.0,0.0,14.55,0.0,2024,7,11,1,0.0,0.0,0.0,0.0,0.0,112
198510,2024-07-12,13,Nagaland,0.0,0.0,14.39,0.0,2024,7,12,1,0.0,0.0,0.0,0.0,0.0,113
198545,2024-07-13,13,Nagaland,0.0,0.0,13.76,0.0,2024,7,13,1,0.0,0.0,0.0,0.0,0.0,114
198580,2024-07-14,13,Nagaland,0.0,0.0,14.83,0.0,2024,7,14,1,0.0,0.0,0.0,0.0,0.0,115
198615,2024-07-15,13,Nagaland,0.0,0.0,14.89,0.0,2024,7,15,1,0.0,0.0,0.0,0.0,0.0,116
198650,2024-07-16,13,Nagaland,0.0,0.0,15.97,0.0,2024,7,16,1,0.0,0.0,0.0,0.0,0.0,117
198685,2024-07-17,13,Nagaland,0.0,0.0,13.09,0.0,2024,7,17,1,0.0,0.0,0.0,0.0,0.0,118
198720,2024-07-18,13,Nagaland,0.0,0.0,11.47,0.0,2024,7,18,1,0.0,0.0,0.0,0.0,0.0,119
198755,2024-07-19,13,Nagaland,0.0,0.0,13.69,0.0,2024,7,19,1,0.0,0.0,0.0,0.0,0.0,120
198790,2024-07-20,13,Nagaland,0.0,0.0,14.93,0.0,2024,7,20,1,0.0,0.0,0.0,0.0,0.0,121
198825,2024-07-21,13,Nagaland,0.0,0.0,15.97,0.0,2024,7,21,1,0.0,0.0,0.0,0.0,0.0,122
198860,2024-07-22,13,Nagaland,0.0,0.0,8.82,0.0,2024,7,22,1,0.0,0.0,0.0,0.0,0.0,123
198895,2024-07-23,13,Nagaland,0.0,0.0,14.21,0.0,2024,7,23,1,0.0,0.0,0.0,0.0,0.0,124
198930,2024-07-24,13,Nagaland,0.0,0.0,10.91,0.0,2024,7,24,1,0.0,0.0,0.0,0.0,0.0,125
198965,2024-07-25,13,Nagaland,0.0,0.0,12.22,0.0,2024,7,25,1,0.0,0.0,0.0,0.0,0.0,126
199000,2024-07-26,13,Nagaland,0.0,0.0,13.02,0.0,2024,7,26,1,0.0,0.0,0.0,0.0,0.0,127
199035,2024-07-27,13,Nagaland,0.0,0.0,12.81,0.0,2024,7,27,1,0.0,0.0,0.0,0.0,0.0,128
199070,2024-07-28,13,Nagaland,0.0,0.0,12.92,0.0,2024,7,28,1,0.0,0.0,0.0,0.0,0.0,129
199105,2024-07-29,13,Nagaland,0.0,0.0,16.02,0.0,2024,7,29,1,0.0,0.0,0.0,0.0,0.0,130
199140,2024-07-30,13,Nagaland,0.0,0.0,12.6,0.0,2024,7,30,1,0.0,0.0,0.0,0.0,0.0,131
199175,2024-07-31,13,Nagaland,0.0,0.0,11.47,0.0,2024,7,31,1,0.0,0.0,0.0,0.0,0.0,132
198164,2024-07-02,21,Odisha,0.0,0.0,11.61,0.0,2024,7,2,1,0.0,0.0,0.0,0.0,0.0,103
198199,2024-07-03,21,Odisha,0.0,0.0,12.26,0.0,2024,7,3,1,0.0,0.0,0.0,0.0,0.0,104
198234,2024-07-04,21,Odisha,0.0,0.0,10.76,0.0,2024,7,4,1,0.0,0.0,0.0,0.0,0.0,105
198269,2024-07-05,21,Odisha,0.0,0.0,13.42,0.0,2024,7,5,1,0.0,0.0,0.0,0.0,0.0,106
198304,2024-07-06,21,Odisha,0.0,0.0,11.44,0.0,2024,7,6,1,0.0,0.0,0.0,0.0,0.0,107
198339,2024-07-07,21,Odisha,0.0,0.0,9.48,0.0,2024,7,7,1,0.0,0.0,0.0,0.0,0.0,108
198374,2024-07-08,21,Odisha,0.0,0.0,11.03,0.0,2024,7,8,1,0.0,0.0,0.0,0.0,0.0,109
198409,2024-07-09,21,Odisha,0.0,0.0,10.24,0.0,2024,7,9,1,0.0,0.0,0.0,0.0,0.0,110
198444,2024-07-10,21,Odisha,0.0,0.0,11.96,0.0,2024,7,10,1,0.0,0.0,0.0,0.0,0.0,111
198479,2024-07-11,21,Odisha,0.0,0.0,12.14,0.0,2024,7,11,1,0.0,0.0,0.0,0.0,0.0,112
198514,2024-07-12,21,Odisha,0.0,0.0,12.13,0.0,2024,7,12,1,0.0,0.0,0.0,0.0,0.0,113
198549,2024-07-13,21,Odisha,0.0,0.0,11.33,0.0,2024,7,13,1,0.0,0.0,0.0,0.0,0.0,114
198584,2024-07-14,21,Odisha,0.0,0.0,9.32,0.0,2024,7,14,1,0.0,0.0,0.0,0.0,0.0,115
198619,2024-07-15,21,Odisha,0.0,0.0,9.4,0.0,2024,7,15,1,0.0,0.0,0.0,0.0,0.0,116
198654,2024-07-16,21,Odisha,0.0,0.0,9.9,0.0,2024,7,16,1,0.0,0.0,0.0,0.0,0.0,117
198689,2024-07-17,21,Odisha,0.0,0.0,10.6,0.0,2024,7,17,1,0.0,0.0,0.0,0.0,0.0,118
198724,2024-07-18,21,Odisha,0.0,0.0,11.56,0.0,2024,7,18,1,0.0,0.0,0.0,0.0,0.0,119
198759,2024-07-19,21,Odisha,0.0,0.0,11.18,0.0,2024,7,19,1,0.0,0.0,0.0,0.0,0.0,120
198794,2024-07-20,21,Odisha,0.0,0.0,11.8,0.0,2024,7,20,1,0.0,0.0,0.0,0.0,0.0,121
198829,2024-07-21,21,Odisha,0.0,0.0,11.42,0.0,2024,7,21,1,0.0,0.0,0.0,0.0,0.0,122
198864,2024-07-22,21,Odisha,0.0,0.0,12.49,0.0,2024,7,22,1,0.0,0.0,0.0,0.0,0.0,123
198899,2024-07-23,21,Odisha,0.0,0.0,9.21,0.0,2024,7,23,1,0.0,0.0,0.0,0.0,0.0,124
198934,2024-07-24,21,Odisha,0.0,0.0,9.96,0.0,2024,7,24,1,0.0,0.0,0.0,0.0,0.0,125
198969,2024-07-25,21,Odisha,0.0,0.0,10.46,0.0,2024,7,25,1,0.0,0.0,0.0,0.0,0.0,126
199004,2024-07-26,21,Odisha,0.0,0.0,10.26,0.0,2024,7,26,1,0.0,0.0,0.0,0.0,0.0,127
199039,2024-07-27,21,Odisha,0.0,0.0,12.42,0.0,2024,7,27,1,0.0,0.0,0.0,0.0,0.0,128
199074,2024-07-28,21,Odisha,0.0,0.0,11.6,0.0,2024,7,28,1,0.0,0.0,0.0,0.0,0.0,129
199109,2024-07-29,21,Odisha,0.0,0.0,10.71,0.0,2024,7,29,1,0.0,0.0,0.0,0.0,0.0,130
199144,2024-07-30,21,Odisha,0.0,0.0,10.54,0.0,2024,7,30,1,0.0,0.0,0.0,0.0,0.0,131
199179,2024-07-31,21,Odisha,0.0,0.0,12.1,0.0,2024,7,31,1,0.0,0.0,0.0,0.0,0.0,132
198162,2024-07-02,34,Puducherry,0.0,0.0,0.6,0.0,2024,7,2,1,0.0,0.0,0.0,0.0,0.0,150
198197,2024-07-03,34,Puducherry,0.0,0.0,3.3,0.0,2024,7,3,1,0.0,0.0,0.0,0.0,0.0,151
198232,2024-07-04,34,Puducherry,0.0,0.0,3.1,0.0,2024,7,4,1,0.0,0.0,0.0,0.0,0.0,152
198267,2024-07-05,34,Puducherry,0.0,0.0,1.3,0.0,2024,7,5,1,0.0,0.0,0.0,0.0,0.0,153
198302,2024-07-06,34,Puducherry,0.0,0.0,1.0,0.0,2024,7,6,1,0.0,0.0,0.0,0.0,0.0,154
198337,2024-07-07,34,Puducherry,0.0,0.0,2.4,0.0,2024,7,7,1,0.0,0.0,0.0,0.0,0.0,155
198372,2024-07-08,34,Puducherry,0.0,0.0,1.3,0.0,2024,7,8,1,0.0,0.0,0.0,0.0,0.0,156
198407,2024-07-09,34,Puducherry,0.0,0.0,0.6,0.0,2024,7,9,1,0.0,0.0,0.0,0.0,0.0,157
198442,2024-07-10,34,Puducherry,0.0,0.0,2.1,0.0,2024,7,10,1,0.0,0.0,0.0,0.0,0.0,158
198477,2024-07-11,34,Puducherry,0.0,0.0,2.3,0.0,2024,7,11,1,0.0,0.0,0.0,0.0,0.0,159
198512,2024-07-12,34,Puducherry,0.0,0.0,1.1,0.0,2024,7,12,1,0.0,0.0,0.0,0.0,0.0,160
198547,2024-07-13,34,Puducherry,0.0,0.0,2.3,0.0,2024,7,13,1,0.0,0.0,0.0,0.0,0.0,161
198582,2024-07-14,34,Puducherry,0.0,0.0,0.7,0.0,2024,7,14,1,0.0,0.0,0.0,0.0,0.0,162
198617,2024-07-15,34,Puducherry,0.0,0.0,1.9,0.0,2024,7,15,1,0.0,0.0,0.0,0.0,0.0,163
198652,2024-07-16,34,Puducherry,0.0,0.0,1.1,0.0,2024,7,16,1,0.0,0.0,0.0,0.0,0.0,164
198687,2024-07-17,34,Puducherry,0.0,0.0,0.9,0.0,2024,7,17,1,0.0,0.0,0.0,0.0,0.0,165
198722,2024-07-18,34,Puducherry,0.0,0.0,1.6,0.0,2024,7,18,1,0.0,0.0,0.0,0.0,0.0,166
198757,2024-07-19,34,Puducherry,0.0,0.0,4.5,0.0,2024,7,19,1,0.0,0.0,0.0,0.0,0.0,167
198792,2024-07-20,34,Puducherry,0.0,0.0,1.8,0.0,2024,7,20,1,0.0,0.0,0.0,0.0,0.0,168
198827,2024-07-21,34,Puducherry,0.0,0.0,8.5,0.0,2024,7,21,1,0.0,0.0,0.0,0.0,0.0,169
198862,2024-07-22,34,Puducherry,0.0,0.0,2.0,0.0,2024,7,22,1,0.0,0.0,0.0,0.0,0.0,170
198897,2024-07-23,34,Puducherry,0.0,0.0,3.2,0.0,2024,7,23,1,0.0,0.0,0.0,0.0,0.0,171
198932,2024-07-24,34,Puducherry,0.0,0.0,5.6,0.0,2024,7,24,1,0.0,0.0,0.0,0.0,0.0,172
198967,2024-07-25,34,Puducherry,0.0,0.0,4.6,0.0,2024,7,25,1,0.0,0.0,0.0,0.0,0.0,173
199002,2024-07-26,34,Puducherry,0.0,0.0,2.5,0.0,2024,7,26,1,0.0,0.0,0.0,0.0,0.0,174
199037,2024-07-27,34,Puducherry,0.0,0.0,1.5,0.0,2024,7,27,1,0.0,0.0,0.0,0.0,0.0,175
199072,2024-07-28,34,Puducherry,0.0,0.0,9.4,0.0,2024,7,28,1,0.0,0.0,0.0,0.0,0.0,176
199107,2024-07-29,34,Puducherry,0.0,0.0,3.0,0.0,2024,7,29,1,0.0,0.0,0.0,0.0,0.0,177
199142,2024-07-30,34,Puducherry,0.0,0.0,0.9,0.0,2024,7,30,1,0.0,0.0,0.0,0.0,0.0,178
199177,2024-07-31,34,Puducherry,0.0,0.0,1.6,0.0,2024,7,31,1,0.0,0.0,0.0,0.0,0.0,179
198144,2024-07-02,3,Punjab,0.0,0.0,5.6,0.0,2024,7,2,1,0.0,0.0,0.0,0.0,0.0,103
198179,2024-07-03,3,Punjab,0.0,0.0,4.95,0.0,2024,7,3,1,0.0,0.0,0.0,0.0,0.0,104
198214,2024-07-04,3,Punjab,0.0,0.0,3.91,0.0,2024,7,4,1,0.0,0.0,0.0,0.0,0.0,105
198249,2024-07-05,3,Punjab,0.0,0.0,5.95,0.0,2024,7,5,1,0.0,0.0,0.0,0.0,0.0,106
198284,2024-07-06,3,Punjab,0.0,0.0,5.02,0.0,2024,7,6,1,0.0,0.0,0.0,0.0,0.0,107
198319,2024-07-07,3,Punjab,0.0,0.0,4.87,0.0,2024,7,7,1,0.0,0.0,0.0,0.0,0.0,108
198354,2024-07-08,3,Punjab,0.0,0.0,5.26,0.0,2024,7,8,1,0.0,0.0,0.0,0.0,0.0,109
198389,2024-07-09,3,Punjab,0.0,0.0,5.87,0.0,2024,7,9,1,0.0,0.0,0.0,0.0,0.0,110
198424,2024-07-10,3,Punjab,0.0,0.0,7.15,0.0,2024,7,10,1,0.0,0.0,0.0,0.0,0.0,111
198459,2024-07-11,3,Punjab,0.0,0.0,5.58,0.0,2024,7,11,1,0.0,0.0,0.0,0.0,0.0,112
198494,2024-07-12,3,Punjab,0.0,0.0,6.36,0.0,2024,7,12,1,0.0,0.0,0.0,0.0,0.0,113
198529,2024-07-13,3,Punjab,0.0,0.0,7.37,0.0,2024,7,13,1,0.0,0.0,0.0,0.0,0.0,114
198564,2024-07-14,3,Punjab,0.0,0.0,6.67,0.0,2024,7,14,1,0.0,0.0,0.0,0.0,0.0,115
198599,2024-07-15,3,Punjab,0.0,0.0,6.36,0.0,2024,7,15,1,0.0,0.0,0.0,0.0,0.0,116
198634,2024-07-16,3,Punjab,0.0,0.0,6.56,0.0,2024,7,16,1,0.0,0.0,0.0,0.0,0.0,117
198669,2024-07-17,3,Punjab,0.0,0.0,6.42,0.0,2024,7,17,1,0.0,0.0,0.0,0.0,0.0,118
198704,2024-07-18,3,Punjab,0.0,0.0,6.03,0.0,2024,7,18,1,0.0,0.0,0.0,0.0,0.0,119
198739,2024-07-19,3,Punjab,0.0,0.0,6.64,0.0,2024,7,19,1,0.0,0.0,0.0,0.0,0.0,120
198774,2024-07-20,3,Punjab,0.0,0.0,6.9,0.0,2024,7,20,1,0.0,0.0,0.0,0.0,0.0,121
198809,2024-07-21,3,Punjab,0.0,0.0,5.27,0.0,2024,7,21,1,0.0,0.0,0.0,0.0,0.0,122
198844,2024-07-22,3,Punjab,0.0,0.0,6.38,0.0,2024,7,22,1,0.0,0.0,0.0,0.0,0.0,123
198879,2024-07-23,3,Punjab,0.0,0.0,6.71,0.0,2024,7,23,1,0.0,0.0,0.0,0.0,0.0,124
198914,2024-07-24,3,Punjab,0.0,0.0,7.55,0.0,2024,7,24,1,0.0,0.0,0.0,0.0,0.0,125
198949,2024-07-25,3,Punjab,0.0,0.0,6.53,0.0,2024,7,25,1,0.0,0.0,0.0,0.0,0.0,126
198984,2024-07-26,3,Punjab,0.0,0.0,6.68,0.0,2024,7,26,1,0.0,0.0,0.0,0.0,0.0,127
199019,2024-07-27,3,Punjab,0.0,0.0,5.2,0.0,2024,7,27,1,0.0,0.0,0.0,0.0,0.0,128
199054,2024-07-28,3,Punjab,0.0,0.0,5.36,0.0,2024,7,28,1,0.0,0.0,0.0,0.0,0.0,129
199089,2024-07-29,3,Punjab,0.0,0.0,7.05,0.0,2024,7,29,1,0.0,0.0,0.0,0.0,0.0,130
199124,2024-07-30,3,Punjab,0.0,0.0,5.97,0.0,2024,7,30,1,0.0,0.0,0.0,0.0,0.0,131
199159,2024-07-31,3,Punjab,0.0,0.0,7.33,0.0,2024,7,31,1,0.0,0.0,0.0,0.0,0.0,132
198158,2024-07-02,8,Rajasthan,0.0,0.0,2.79,0.0,2024,7,2,1,0.0,0.0,0.0,0.0,0.0,109
198193,2024-07-03,8,Rajasthan,0.0,0.0,4.21,0.0,2024,7,3,1,0.0,0.0,0.0,0.0,0.0,110
198228,2024-07-04,8,Rajasthan,0.0,0.0,3.83,0.0,2024,7,4,1,0.0,0.0,0.0,0.0,0.0,111
198263,2024-07-05,8,Rajasthan,0.0,0.0,4.04,0.0,2024,7,5,1,0.0,0.0,0.0,0.0,0.0,112
198298,2024-07-06,8,Rajasthan,0.0,0.0,4.27,0.0,2024,7,6,1,0.0,0.0,0.0,0.0,0.0,113
198333,2024-07-07,8,Rajasthan,0.0,0.0,5.13,0.0,2024,7,7,1,0.0,0.0,0.0,0.0,0.0,114
198368,2024-07-08,8,Rajasthan,0.0,0.0,4.66,0.0,2024,7,8,1,0.0,0.0,0.0,0.0,0.0,115
198403,2024-07-09,8,Rajasthan,0.0,0.0,4.55,0.0,2024,7,9,1,0.0,0.0,0.0,0.0,0.0,116
198438,2024-07-10,8,Rajasthan,0.0,0.0,4.37,0.0,2024,7,10,1,0.0,0.0,0.0,0.0,0.0,117
198473,2024-07-11,8,Rajasthan,0.0,0.0,4.7,0.0,2024,7,11,1,0.0,0.0,0.0,0.0,0.0,118
198508,2024-07-12,8,Rajasthan,0.0,0.0,5.11,0.0,2024,7,12,1,0.0,0.0,0.0,0.0,0.0,119
198543,2024-07-13,8,Rajasthan,0.0,0.0,5.38,0.0,2024,7,13,1,0.0,0.0,0.0,0.0,0.0,120
198578,2024-07-14,8,Rajasthan,0.0,0.0,5.76,0.0,2024,7,14,1,0.0,0.0,0.0,0.0,0.0,121
198613,2024-07-15,8,Rajasthan,0.0,0.0,5.35,0.0,2024,7,15,1,0.0,0.0,0.0,0.0,0.0,122
198648,2024-07-16,8,Rajasthan,0.0,0.0,5.84,0.0,2024,7,16,1,0.0,0.0,0.0,0.0,0.0,123
198683,2024-07-17,8,Rajasthan,0.0,0.0,6.29,0.0,2024,7,17,1,0.0,0.0,0.0,0.0,0.0,124
198718,2024-07-18,8,Rajasthan,0.0,0.0,6.13,0.0,2024,7,18,1,0.0,0.0,0.0,0.0,0.0,125
198753,2024-07-19,8,Rajasthan,0.0,0.0,6.39,0.0,2024,7,19,1,0.0,0.0,0.0,0.0,0.0,126
198788,2024-07-20,8,Rajasthan,0.0,0.0,5.11,0.0,2024,7,20,1,0.0,0.0,0.0,0.0,0.0,127
198823,2024-07-21,8,Rajasthan,0.0,0.0,5.24,0.0,2024,7,21,1,0.0,0.0,0.0,0.0,0.0,128
198858,2024-07-22,8,Rajasthan,0.0,0.0,5.38,0.0,2024,7,22,1,0.0,0.0,0.0,0.0,0.0,129
198893,2024-07-23,8,Rajasthan,0.0,0.0,5.3,0.0,2024,7,23,1,0.0,0.0,0.0,0.0,0.0,130
198928,2024-07-24,8,Rajasthan,0.0,0.0,5.44,0.0,2024,7,24,1,0.0,0.0,0.0,0.0,0.0,131
198963,2024-07-25,8,Rajasthan,0.0,0.0,5.78,0.0,2024,7,25,1,0.0,0.0,0.0,0.0,0.0,132
198998,2024-07-26,8,Rajasthan,0.0,0.0,5.81,0.0,2024,7,26,1,0.0,0.0,0.0,0.0,0.0,133
199033,2024-07-27,8,Rajasthan,0.0,0.0,5.8,0.0,2024,7,27,1,0.0,0.0,0.0,0.0,0.0,134
199068,2024-07-28,8,Rajasthan,0.0,0.0,4.77,0.0,2024,7,28,1,0.0,0.0,0.0,0.0,0.0,135
199103,2024-07-29,8,Rajasthan,0.0,0.0,4.76,0.0,2024,7,29,1,0.0,0.0,0.0,0.0,0.0,136
199138,2024-07-30,8,Rajasthan,0.0,0.0,4.69,0.0,2024,7,30,1,0.0,0.0,0.0,0.0,0.0,137
199173,2024-07-31,8,Rajasthan,0.0,0.0,4.56,0.0,2024,7,31,1,0.0,0.0,0.0,0.0,0.0,138
198167,2024-07-02,11,Sikkim,0.0,0.0,16.7,0.0,2024,7,2,1,0.0,0.0,0.0,0.0,0.0,103
198202,2024-07-03,11,Sikkim,0.0,0.0,16.9,0.0,2024,7,3,1,0.0,0.0,0.0,0.0,0.0,104
198237,2024-07-04,11,Sikkim,0.0,0.0,14.2,0.0,2024,7,4,1,0.0,0.0,0.0,0.0,0.0,105
198272,2024-07-05,11,Sikkim,0.0,0.0,12.5,0.0,2024,7,5,1,0.0,0.0,0.0,0.0,0.0,106
198307,2024-07-06,11,Sikkim,0.0,0.0,18.2,0.0,2024,7,6,1,0.0,0.0,0.0,0.0,0.0,107
198342,2024-07-07,11,Sikkim,0.0,0.0,16.0,0.0,2024,7,7,1,0.0,0.0,0.0,0.0,0.0,108
198377,2024-07-08,11,Sikkim,0.0,0.0,17.9,0.0,2024,7,8,1,0.0,0.0,0.0,0.0,0.0,109
198412,2024-07-09,11,Sikkim,0.0,0.0,18.5,0.0,2024,7,9,1,0.0,0.0,0.0,0.0,0.0,110
198447,2024-07-10,11,Sikkim,0.0,0.0,18.0,0.0,2024,7,10,1,0.0,0.0,0.0,0.0,0.0,111
198482,2024-07-11,11,Sikkim,0.0,0.0,14.3,0.0,2024,7,11,1,0.0,0.0,0.0,0.0,0.0,112
198517,2024-07-12,11,Sikkim,0.0,0.0,20.3,0.0,2024,7,12,1,0.0,0.0,0.0,0.0,0.0,113
198552,2024-07-13,11,Sikkim,0.0,0.0,19.2,0.0,2024,7,13,1,0.0,0.0,0.0,0.0,0.0,114
198587,2024-07-14,11,Sikkim,0.0,0.0,17.1,0.0,2024,7,14,1,0.0,0.0,0.0,0.0,0.0,115
198622,2024-07-15,11,Sikkim,0.0,0.0,19.1,0.0,2024,7,15,1,0.0,0.0,0.0,0.0,0.0,116
198657,2024-07-16,11,Sikkim,0.0,0.0,16.7,0.0,2024,7,16,1,0.0,0.0,0.0,0.0,0.0,117
198692,2024-07-17,11,Sikkim,0.0,0.0,16.5,0.0,2024,7,17,1,0.0,0.0,0.0,0.0,0.0,118
198727,2024-07-18,11,Sikkim,0.0,0.0,19.6,0.0,2024,7,18,1,0.0,0.0,0.0,0.0,0.0,119
198762,2024-07-19,11,Sikkim,0.0,0.0,17.6,0.0,2024,7,19,1,0.0,0.0,0.0,0.0,0.0,120
198797,2024-07-20,11,Sikkim,0.0,0.0,19.0,0.0,2024,7,20,1,0.0,0.0,0.0,0.0,0.0,121
198832,2024-07-21,11,Sikkim,0.0,0.0,20.0,0.0,2024,7,21,1,0.0,0.0,0.0,0.0,0.0,122
198867,2024-07-22,11,Sikkim,0.0,0.0,25.3,0.0,2024,7,22,1,0.0,0.0,0.0,0.0,0.0,123
198902,2024-07-23,11,Sikkim,0.0,0.0,13.9,0.0,2024,7,23,1,0.0,0.0,0.0,0.0,0.0,124
198937,2024-07-24,11,Sikkim,0.0,0.0,18.2,0.0,2024,7,24,1,0.0,0.0,0.0,0.0,0.0,125
198972,2024-07-25,11,Sikkim,0.0,0.0,18.0,0.0,2024,7,25,1,0.0,0.0,0.0,0.0,0.0,126
199007,2024-07-26,11,Sikkim,0.0,0.0,21.1,0.0,2024,7,26,1,0.0,0.0,0.0,0.0,0.0,127
199042,2024-07-27,11,Sikkim,0.0,0.0,12.6,0.0,2024,7,27,1,0.0,0.0,0.0,0.0,0.0,128
199077,2024-07-28,11,Sikkim,0.0,0.0,27.5,0.0,2024,7,28,1,0.0,0.0,0.0,0.0,0.0,129
199112,2024-07-29,11,Sikkim,0.0,0.0,21.7,0.0,2024,7,29,1,0.0,0.0,0.0,0.0,0.0,130
199147,2024-07-30,11,Sikkim,0.0,0.0,27.9,0.0,2024,7,30,1,0.0,0.0,0.0,0.0,0.0,131
199182,2024-07-31,11,Sikkim,0.0,0.0,22.2,0.0,2024,7,31,1,0.0,0.0,0.0,0.0,0.0,132
198165,2024-07-02,33,Tamil Nadu,0.0,0.0,1.56,0.0,2024,7,2,1,0.0,0.0,0.0,0.0,0.0,107
198200,2024-07-03,33,Tamil Nadu,0.0,0.0,1.98,0.0,2024,7,3,1,0.0,0.0,0.0,0.0,0.0,108
198235,2024-07-04,33,Tamil Nadu,0.0,0.0,1.88,0.0,2024,7,4,1,0.0,0.0,0.0,0.0,0.0,109
198270,2024-07-05,33,Tamil Nadu,0.0,0.0,2.08,0.0,2024,7,5,1,0.0,0.0,0.0,0.0,0.0,110
198305,2024-07-06,33,Tamil Nadu,0.0,0.0,2.59,0.0,2024,7,6,1,0.0,0.0,0.0,0.0,0.0,111
198340,2024-07-07,33,Tamil Nadu,0.0,0.0,2.87,0.0,2024,7,7,1,0.0,0.0,0.0,0.0,0.0,112
198375,2024-07-08,33,Tamil Nadu,0.0,0.0,1.76,0.0,2024,7,8,1,0.0,0.0,0.0,0.0,0.0,113
198410,2024-07-09,33,Tamil Nadu,0.0,0.0,2.41,0.0,2024,7,9,1,0.0,0.0,0.0,0.0,0.0,114
198445,2024-07-10,33,Tamil Nadu,0.0,0.0,2.41,0.0,2024,7,10,1,0.0,0.0,0.0,0.0,0.0,115
198480,2024-07-11,33,Tamil Nadu,0.0,0.0,2.08,0.0,2024,7,11,1,0.0,0.0,0.0,0.0,0.0,116
198515,2024-07-12,33,Tamil Nadu,0.0,0.0,2.84,0.0,2024,7,12,1,0.0,0.0,0.0,0.0,0.0,117
198550,2024-07-13,33,Tamil Nadu,0.0,0.0,1.96,0.0,2024,7,13,1,0.0,0.0,0.0,0.0,0.0,118
198585,2024-07-14,33,Tamil Nadu,0.0,0.0,1.81,0.0,2024,7,14,1,0.0,0.0,0.0,0.0,0.0,119
198620,2024-07-15,33,Tamil Nadu,0.0,0.0,2.23,0.0,2024,7,15,1,0.0,0.0,0.0,0.0,0.0,120
198655,2024-07-16,33,Tamil Nadu,0.0,0.0,2.4,0.0,2024,7,16,1,0.0,0.0,0.0,0.0,0.0,121
198690,2024-07-17,33,Tamil Nadu,0.0,0.0,2.24,0.0,2024,7,17,1,0.0,0.0,0.0,0.0,0.0,122
198725,2024-07-18,33,Tamil Nadu,0.0,0.0,2.3,0.0,2024,7,18,1,0.0,0.0,0.0,0.0,0.0,123
198760,2024-07-19,33,Tamil Nadu,0.0,0.0,2.78,0.0,2024,7,19,1,0.0,0.0,0.0,0.0,0.0,124
198795,2024-07-20,33,Tamil Nadu,0.0,0.0,1.94,0.0,2024,7,20,1,0.0,0.0,0.0,0.0,0.0,125
198830,2024-07-21,33,Tamil Nadu,0.0,0.0,2.64,0.0,2024,7,21,1,0.0,0.0,0.0,0.0,0.0,126
198865,2024-07-22,33,Tamil Nadu,0.0,0.0,2.23,0.0,2024,7,22,1,0.0,0.0,0.0,0.0,0.0,127
198900,2024-07-23,33,Tamil Nadu,0.0,0.0,3.12,0.0,2024,7,23,1,0.0,0.0,0.0,0.0,0.0,128
198935,2024-07-24,33,Tamil Nadu,0.0,0.0,3.72,0.0,2024,7,24,1,0.0,0.0,0.0,0.0,0.0,129
198970,2024-07-25,33,Tamil Nadu,0.0,0.0,3.37,0.0,2024,7,25,1,0.0,0.0,0.0,0.0,0.0,130
199005,2024-07-26,33,Tamil Nadu,0.0,0.0,2.69,0.0,2024,7,26,1,0.0,0.0,0.0,0.0,0.0,131
199040,2024-07-27,33,Tamil Nadu,0.0,0.0,1.8,0.0,2024,7,27,1,0.0,0.0,0.0,0.0,0.0,132
199075,2024-07-28,33,Tamil Nadu,0.0,0.0,2.56,0.0,2024,7,28,1,0.0,0.0,0.0,0.0,0.0,133
199110,2024-07-29,33,Tamil Nadu,0.0,0.0,2.05,0.0,2024,7,29,1,0.0,0.0,0.0,0.0,0.0,134
199145,2024-07-30,33,Tamil Nadu,0.0,0.0,1.81,0.0,2024,7,30,1,0.0,0.0,0.0,0.0,0.0,135
199180,2024-07-31,33,Tamil Nadu,0.0,0.0,2.18,0.0,2024,7,31,1,0.0,0.0,0.0,0.0,0.0,136
198138,2024-07-02,36,Telangana,0.0,0.0,6.05,0.0,2024,7,2,1,0.0,0.0,0.0,0.0,0.0,103
198173,2024-07-03,36,Telangana,0.0,0.0,5.9,0.0,2024,7,3,1,0.0,0.0,0.0,0.0,0.0,104
198208,2024-07-04,36,Telangana,0.0,0.0,7.22,0.0,2024,7,4,1,0.0,0.0,0.0,0.0,0.0,105
198243,2024-07-05,36,Telangana,0.0,0.0,8.53,0.0,2024,7,5,1,0.0,0.0,0.0,0.0,0.0,106
198278,2024-07-06,36,Telangana,0.0,0.0,7.55,0.0,2024,7,6,1,0.0,0.0,0.0,0.0,0.0,107
198313,2024-07-07,36,Telangana,0.0,0.0,5.78,0.0,2024,7,7,1,0.0,0.0,0.0,0.0,0.0,108
198348,2024-07-08,36,Telangana,0.0,0.0,6.59,0.0,2024,7,8,1,0.0,0.0,0.0,0.0,0.0,109
198383,2024-07-09,36,Telangana,0.0,0.0,6.76,0.0,2024,7,9,1,0.0,0.0,0.0,0.0,0.0,110
198418,2024-07-10,36,Telangana,0.0,0.0,6.16,0.0,2024,7,10,1,0.0,0.0,0.0,0.0,0.0,111
198453,2024-07-11,36,Telangana,0.0,0.0,6.61,0.0,2024,7,11,1,0.0,0.0,0.0,0.0,0.0,112
198488,2024-07-12,36,Telangana,0.0,0.0,7.24,0.0,2024,7,12,1,0.0,0.0,0.0,0.0,0.0,113
198523,2024-07-13,36,Telangana,0.0,0.0,6.43,0.0,2024,7,13,1,0.0,0.0,0.0,0.0,0.0,114
198558,2024-07-14,36,Telangana,0.0,0.0,5.86,0.0,2024,7,14,1,0.0,0.0,0.0,0.0,0.0,115
198593,2024-07-15,36,Telangana,0.0,0.0,6.49,0.0,2024,7,15,1,0.0,0.0,0.0,0.0,0.0,116
198628,2024-07-16,36,Telangana,0.0,0.0,6.42,0.0,2024,7,16,1,0.0,0.0,0.0,0.0,0.0,117
198663,2024-07-17,36,Telangana,0.0,0.0,7.8,0.0,2024,7,17,1,0.0,0.0,0.0,0.0,0.0,118
198698,2024-07-18,36,Telangana,0.0,0.0,8.53,0.0,2024,7,18,1,0.0,0.0,0.0,0.0,0.0,119
198733,2024-07-19,36,Telangana,0.0,0.0,8.62,0.0,2024,7,19,1,0.0,0.0,0.0,0.0,0.0,120
198768,2024-07-20,36,Telangana,0.0,0.0,8.34,0.0,2024,7,20,1,0.0,0.0,0.0,0.0,0.0,121
198803,2024-07-21,36,Telangana,0.0,0.0,9.69,0.0,2024,7,21,1,0.0,0.0,0.0,0.0,0.0,122
198838,2024-07-22,36,Telangana,0.0,0.0,8.93,0.0,2024,7,22,1,0.0,0.0,0.0,0.0,0.0,123
198873,2024-07-23,36,Telangana,0.0,0.0,11.15,0.0,2024,7,23,1,0.0,0.0,0.0,0.0,0.0,124
198908,2024-07-24,36,Telangana,0.0,0.0,12.27,0.0,2024,7,24,1,0.0,0.0,0.0,0.0,0.0,125
198943,2024-07-25,36,Telangana,0.0,0.0,9.69,0.0,2024,7,25,1,0.0,0.0,0.0,0.0,0.0,126
198978,2024-07-26,36,Telangana,0.0,0.0,7.41,0.0,2024,7,26,1,0.0,0.0,0.0,0.0,0.0,127
199013,2024-07-27,36,Telangana,0.0,0.0,7.9,0.0,2024,7,27,1,0.0,0.0,0.0,0.0,0.0,128
199048,2024-07-28,36,Telangana,0.0,0.0,7.56,0.0,2024,7,28,1,0.0,0.0,0.0,0.0,0.0,129
199083,2024-07-29,36,Telangana,0.0,0.0,8.95,0.0,2024,7,29,1,0.0,0.0,0.0,0.0,0.0,130
199118,2024-07-30,36,Telangana,0.0,0.0,10.35,0.0,2024,7,30,1,0.0,0.0,0.0,0.0,0.0,131
199153,2024-07-31,36,Telangana,0.0,0.0,9.53,0.0,2024,7,31,1,0.0,0.0,0.0,0.0,0.0,132
204846,2024-07-02,38,The Dadra And Nagar Haveli And Daman And Diu,0.0,0.0,12.7,0.0,2024,7,2,1,0.0,0.0,0.0,0.0,0.0,211
204847,2024-07-03,38,The Dadra And Nagar Haveli And Daman And Diu,0.0,0.0,10.8,0.0,2024,7,3,1,0.0,0.0,0.0,0.0,0.0,212
204848,2024-07-04,38,The Dadra And Nagar Haveli And Daman And Diu,0.0,0.0,14.1,0.0,2024,7,4,1,0.0,0.0,0.0,0.0,0.0,213
204849,2024-07-05,38,The Dadra And Nagar Haveli And Daman And Diu,0.0,0.0,12.5,0.0,2024,7,5,1,0.0,0.0,0.0,0.0,0.0,214
204850,2024-07-06,38,The Dadra And Nagar Haveli And Daman And Diu,0.0,0.0,10.3,0.0,2024,7,6,1,0.0,0.0,0.0,0.0,0.0,215
204851,2024-07-07,38,The Dadra And Nagar Haveli And Daman And Diu,0.0,0.0,6.4,0.0,2024,7,7,1,0.0,0.0,0.0,0.0,0.0,216
204852,2024-07-08,38,The Dadra And Nagar Haveli And Daman And Diu,0.0,0.0,10.7,0.0,2024,7,8,1,0.0,0.0,0.0,0.0,0.0,217
204853,2024-07-09,38,The Dadra And Nagar Haveli And Daman And Diu,0.0,0.0,8.6,0.0,2024,7,9,1,0.0,0.0,0.0,0.0,0.0,218
204854,2024-07-10,38,The Dadra And Nagar Haveli And Daman And Diu,0.0,0.0,8.5,0.0,2024,7,10,1,0.0,0.0,0.0,0.0,0.0,219
204855,2024-07-11,38,The Dadra And Nagar Haveli And Daman And Diu,0.0,0.0,9.2,0.0,2024,7,11,1,0.0,0.0,0.0,0.0,0.0,220
204856,2024-07-12,38,The Dadra And Nagar Haveli And Daman And Diu,0.0,0.0,7.0,0.0,2024,7,12,1,0.0,0.0,0.0,0.0,0.0,221
204857,2024-07-13,38,The Dadra And Nagar Haveli And Daman And Diu,0.0,0.0,5.6,0.0,2024,7,13,1,0.0,0.0,0.0,0.0,0.0,222
204858,2024-07-14,38,The Dadra And Nagar Haveli And Daman And Diu,0.0,0.0,8.0,0.0,2024,7,14,1,0.0,0.0,0.0,0.0,0.0,223
204859,2024-07-15,38,The Dadra And Nagar Haveli And Daman And Diu,0.0,0.0,6.4,0.0,2024,7,15,1,0.0,0.0,0.0,0.0,0.0,224
204860,2024-07-16,38,The Dadra And Nagar Haveli And Daman And Diu,0.0,0.0,15.6,0.0,2024,7,16,1,0.0,0.0,0.0,0.0,0.0,225
204861,2024-07-17,38,The Dadra And Nagar Haveli And Daman And Diu,0.0,0.0,7.5,0.0,2024,7,17,1,0.0,0.0,0.0,0.0,0.0,226
204862,2024-07-18,38,The Dadra And Nagar Haveli And Daman And Diu,0.0,0.0,8.0,0.0,2024,7,18,1,0.0,0.0,0.0,0.0,0.0,227
204863,2024-07-19,38,The Dadra And Nagar Haveli And Daman And Diu,0.0,0.0,13.8,0.0,2024,7,19,1,0.0,0.0,0.0,0.0,0.0,228
204864,2024-07-20,38,The Dadra And Nagar Haveli And Daman And Diu,0.0,0.0,4.6,0.0,2024,7,20,1,0.0,0.0,0.0,0.0,0.0,229
204865,2024-07-21,38,The Dadra And Nagar Haveli And Daman And Diu,0.0,0.0,5.7,0.0,2024,7,21,1,0.0,0.0,0.0,0.0,0.0,230
204866,2024-07-22,38,The Dadra And Nagar Haveli And Daman And Diu,0.0,0.0,5.6,0.0,2024,7,22,1,0.0,0.0,0.0,0.0,0.0,231
204867,2024-07-23,38,The Dadra And Nagar Haveli And Daman And Diu,0.0,0.0,3.5,0.0,2024,7,23,1,0.0,0.0,0.0,0.0,0.0,232
204868,2024-07-24,38,The Dadra And Nagar Haveli And Daman And Diu,0.0,0.0,6.6,0.0,2024,7,24,1,0.0,0.0,0.0,0.0,0.0,233
204869,2024-07-25,38,The Dadra And Nagar Haveli And Daman And Diu,0.0,0.0,2.6,0.0,2024,7,25,1,0.0,0.0,0.0,0.0,0.0,234
204870,2024-07-26,38,The Dadra And Nagar Haveli And Daman And Diu,0.0,0.0,5.4,0.0,2024,7,26,1,0.0,0.0,0.0,0.0,0.0,235
204871,2024-07-27,38,The Dadra And Nagar Haveli And Daman And Diu,0.0,0.0,7.4,0.0,2024,7,27,1,0.0,0.0,0.0,0.0,0.0,236
204872,2024-07-28,38,The Dadra And Nagar Haveli And Daman And Diu,0.0,0.0,8.3,0.0,2024,7,28,1,0.0,0.0,0.0,0.0,0.0,237
204873,2024-07-29,38,The Dadra And Nagar Haveli And Daman And Diu,0.0,0.0,5.4,0.0,2024,7,29,1,0.0,0.0,0.0,0.0,0.0,238
204874,2024-07-30,38,The Dadra And Nagar Haveli And Daman And Diu,0.0,0.0,7.3,0.0,2024,7,30,1,0.0,0.0,0.0,0.0,0.0,239
204875,2024-07-31,38,The Dadra And Nagar Haveli And Daman And Diu,0.0,0.0,4.2,0.0,2024,7,31,1,0.0,0.0,0.0,0.0,0.0,240
198137,2024-07-02,16,Tripura,0.0,0.0,12.89,0.0,2024,7,2,1,0.0,0.0,0.0,0.0,0.0,103
198172,2024-07-03,16,Tripura,0.0,0.0,11.97,0.0,2024,7,3,1,0.0,0.0,0.0,0.0,0.0,104
198207,2024-07-04,16,Tripura,0.0,0.0,12.66,0.0,2024,7,4,1,0.0,0.0,0.0,0.0,0.0,105
198242,2024-07-05,16,Tripura,0.0,0.0,11.42,0.0,2024,7,5,1,0.0,0.0,0.0,0.0,0.0,106
198277,2024-07-06,16,Tripura,0.0,0.0,12.52,0.0,2024,7,6,1,0.0,0.0,0.0,0.0,0.0,107
198312,2024-07-07,16,Tripura,0.0,0.0,13.74,0.0,2024,7,7,1,0.0,0.0,0.0,0.0,0.0,108
198347,2024-07-08,16,Tripura,0.0,0.0,18.21,0.0,2024,7,8,1,0.0,0.0,0.0,0.0,0.0,109
198382,2024-07-09,16,Tripura,0.0,0.0,13.11,0.0,2024,7,9,1,0.0,0.0,0.0,0.0,0.0,110
198417,2024-07-10,16,Tripura,0.0,0.0,13.66,0.0,2024,7,10,1,0.0,0.0,0.0,0.0,0.0,111
198452,2024-07-11,16,Tripura,0.0,0.0,14.46,0.0,2024,7,11,1,0.0,0.0,0.0,0.0,0.0,112
198487,2024-07-12,16,Tripura,0.0,0.0,13.82,0.0,2024,7,12,1,0.0,0.0,0.0,0.0,0.0,113
198522,2024-07-13,16,Tripura,0.0,0.0,13.25,0.0,2024,7,13,1,0.0,0.0,0.0,0.0,0.0,114
198557,2024-07-14,16,Tripura,0.0,0.0,14.17,0.0,2024,7,14,1,0.0,0.0,0.0,0.0,0.0,115
198592,2024-07-15,16,Tripura,0.0,0.0,14.78,0.0,2024,7,15,1,0.0,0.0,0.0,0.0,0.0,116
198627,2024-07-16,16,Tripura,0.0,0.0,13.94,0.0,2024,7,16,1,0.0,0.0,0.0,0.0,0.0,117
198662,2024-07-17,16,Tripura,0.0,0.0,15.15,0.0,2024,7,17,1,0.0,0.0,0.0,0.0,0.0,118
198697,2024-07-18,16,Tripura,0.0,0.0,14.35,0.0,2024,7,18,1,0.0,0.0,0.0,0.0,0.0,119
198732,2024-07-19,16,Tripura,0.0,0.0,10.52,0.0,2024,7,19,1,0.0,0.0,0.0,0.0,0.0,120
198767,2024-07-20,16,Tripura,0.0,0.0,11.4,0.0,2024,7,20,1,0.0,0.0,0.0,0.0,0.0,121
198802,2024-07-21,16,Tripura,0.0,0.0,11.54,0.0,2024,7,21,1,0.0,0.0,0.0,0.0,0.0,122
198837,2024-07-22,16,Tripura,0.0,0.0,11.68,0.0,2024,7,22,1,0.0,0.0,0.0,0.0,0.0,123
198872,2024-07-23,16,Tripura,0.0,0.0,13.66,0.0,2024,7,23,1,0.0,0.0,0.0,0.0,0.0,124
198907,2024-07-24,16,Tripura,0.0,0.0,10.83,0.0,2024,7,24,1,0.0,0.0,0.0,0.0,0.0,125
198942,2024-07-25,16,Tripura,0.0,0.0,12.33,0.0,2024,7,25,1,0.0,0.0,0.0,0.0,0.0,126
198977,2024-07-26,16,Tripura,0.0,0.0,12.36,0.0,2024,7,26,1,0.0,0.0,0.0,0.0,0.0,127
199012,2024-07-27,16,Tripura,0.0,0.0,12.7,0.0,2024,7,27,1,0.0,0.0,0.0,0.0,0.0,128
199047,2024-07-28,16,Tripura,0.0,0.0,14.78,0.0,2024,7,28,1,0.0,0.0,0.0,0.0,0.0,129
199082,2024-07-29,16,Tripura,0.0,0.0,12.55,0.0,2024,7,29,1,0.0,0.0,0.0,0.0,0.0,130
199117,2024-07-30,16,Tripura,0.0,0.0,12.49,0.0,2024,7,30,1,0.0,0.0,0.0,0.0,0.0,131
199152,2024-07-31,16,Tripura,0.0,0.0,12.72,0.0,2024,7,31,1,0.0,0.0,0.0,0.0,0.0,132
198151,2024-07-02,9,Uttar Pradesh,0.0,0.0,7.2,0.0,2024,7,2,1,0.0,0.0,0.0,0.0,0.0,103
198186,2024-07-03,9,Uttar Pradesh,0.0,0.0,6.19,0.0,2024,7,3,1,0.0,0.0,0.0,0.0,0.0,104
198221,2024-07-04,9,Uttar Pradesh,0.0,0.0,6.42,0.0,2024,7,4,1,0.0,0.0,0.0,0.0,0.0,105
198256,2024-07-05,9,Uttar Pradesh,0.0,0.0,7.66,0.0,2024,7,5,1,0.0,0.0,0.0,0.0,0.0,106
198291,2024-07-06,9,Uttar Pradesh,0.0,0.0,7.65,0.0,2024,7,6,1,0.0,0.0,0.0,0.0,0.0,107
198326,2024-07-07,9,Uttar Pradesh,0.0,0.0,9.59,0.0,2024,7,7,1,0.0,0.0,0.0,0.0,0.0,108
198361,2024-07-08,9,Uttar Pradesh,0.0,0.0,10.95,0.0,2024,7,8,1,0.0,0.0,0.0,0.0,0.0,109
198396,2024-07-09,9,Uttar Pradesh,0.0,0.0,9.34,0.0,2024,7,9,1,0.0,0.0,0.0,0.0,0.0,110
198431,2024-07-10,9,Uttar Pradesh,0.0,0.0,10.84,0.0,2024,7,10,1,0.0,0.0,0.0,0.0,0.0,111
198466,2024-07-11,9,Uttar Pradesh,0.0,0.0,11.02,0.0,2024,7,11,1,0.0,0.0,0.0,0.0,0.0,112
198501,2024-07-12,9,Uttar Pradesh,0.0,0.0,10.28,0.0,2024,7,12,1,0.0,0.0,0.0,0.0,0.0,113
198536,2024-07-13,9,Uttar Pradesh,0.0,0.0,8.6,0.0,2024,7,13,1,0.0,0.0,0.0,0.0,0.0,114
198571,2024-07-14,9,Uttar Pradesh,0.0,0.0,10.4,0.0,2024,7,14,1,0.0,0.0,0.0,0.0,0.0,115
198606,2024-07-15,9,Uttar Pradesh,0.0,0.0,11.51,0.0,2024,7,15,1,0.0,0.0,0.0,0.0,0.0,116
198641,2024-07-16,9,Uttar Pradesh,0.0,0.0,10.41,0.0,2024,7,16,1,0.0,0.0,0.0,0.0,0.0,117
198676,2024-07-17,9,Uttar Pradesh,0.0,0.0,10.45,0.0,2024,7,17,1,0.0,0.0,0.0,0.0,0.0,118
198711,2024-07-18,9,Uttar Pradesh,0.0,0.0,9.84,0.0,2024,7,18,1,0.0,0.0,0.0,0.0,0.0,119
198746,2024-07-19,9,Uttar Pradesh,0.0,0.0,11.29,0.0,2024,7,19,1,0.0,0.0,0.0,0.0,0.0,120
198781,2024-07-20,9,Uttar Pradesh,0.0,0.0,10.72,0.0,2024,7,20,1,0.0,0.0,0.0,0.0,0.0,121
198816,2024-07-21,9,Uttar Pradesh,0.0,0.0,10.32,0.0,2024,7,21,1,0.0,0.0,0.0,0.0,0.0,122
198851,2024-07-22,9,Uttar Pradesh,0.0,0.0,10.14,0.0,2024,7,22,1,0.0,0.0,0.0,0.0,0.0,123
198886,2024-07-23,9,Uttar Pradesh,0.0,0.0,8.93,0.0,2024,7,23,1,0.0,0.0,0.0,0.0,0.0,124
198921,2024-07-24,9,Uttar Pradesh,0.0,0.0,8.39,0.0,2024,7,24,1,0.0,0.0,0.0,0.0,0.0,125
198956,2024-07-25,9,Uttar Pradesh,0.0,0.0,9.09,0.0,2024,7,25,1,0.0,0.0,0.0,0.0,0.0,126
198991,2024-07-26,9,Uttar Pradesh,0.0,0.0,10.06,0.0,2024,7,26,1,0.0,0.0,0.0,0.0,0.0,127
199026,2024-07-27,9,Uttar Pradesh,0.0,0.0,9.87,0.0,2024,7,27,1,0.0,0.0,0.0,0.0,0.0,128
199061,2024-07-28,9,Uttar Pradesh,0.0,0.0,9.64,0.0,2024,7,28,1,0.0,0.0,0.0,0.0,0.0,129
199096,2024-07-29,9,Uttar Pradesh,0.0,0.0,11.02,0.0,2024,7,29,1,0.0,0.0,0.0,0.0,0.0,130
199131,2024-07-30,9,Uttar Pradesh,0.0,0.0,9.15,0.0,2024,7,30,1,0.0,0.0,0.0,0.0,0.0,131
199166,2024-07-31,9,Uttar Pradesh,0.0,0.0,8.36,0.0,2024,7,31,1,0.0,0.0,0.0,0.0,0.0,132
198135,2024-07-02,5,Uttarakhand,0.0,0.0,10.98,0.0,2024,7,2,1,0.0,0.0,0.0,0.0,0.0,103
198170,2024-07-03,5,Uttarakhand,0.0,0.0,10.19,0.0,2024,7,3,1,0.0,0.0,0.0,0.0,0.0,104
198205,2024-07-04,5,Uttarakhand,0.0,0.0,11.53,0.0,2024,7,4,1,0.0,0.0,0.0,0.0,0.0,105
198240,2024-07-05,5,Uttarakhand,0.0,0.0,10.45,0.0,2024,7,5,1,0.0,0.0,0.0,0.0,0.0,106
198275,2024-07-06,5,Uttarakhand,0.0,0.0,11.72,0.0,2024,7,6,1,0.0,0.0,0.0,0.0,0.0,107
198310,2024-07-07,5,Uttarakhand,0.0,0.0,14.29,0.0,2024,7,7,1,0.0,0.0,0.0,0.0,0.0,108
198345,2024-07-08,5,Uttarakhand,0.0,0.0,13.93,0.0,2024,7,8,1,0.0,0.0,0.0,0.0,0.0,109
198380,2024-07-09,5,Uttarakhand,0.0,0.0,12.12,0.0,2024,7,9,1,0.0,0.0,0.0,0.0,0.0,110
198415,2024-07-10,5,Uttarakhand,0.0,0.0,15.85,0.0,2024,7,10,1,0.0,0.0,0.0,0.0,0.0,111
198450,2024-07-11,5,Uttarakhand,0.0,0.0,14.71,0.0,2024,7,11,1,0.0,0.0,0.0,0.0,0.0,112
198485,2024-07-12,5,Uttarakhand,0.0,0.0,14.72,0.0,2024,7,12,1,0.0,0.0,0.0,0.0,0.0,113
198520,2024-07-13,5,Uttarakhand,0.0,0.0,14.53,0.0,2024,7,13,1,0.0,0.0,0.0,0.0,0.0,114
198555,2024-07-14,5,Uttarakhand,0.0,0.0,14.29,0.0,2024,7,14,1,0.0,0.0,0.0,0.0,0.0,115
198590,2024-07-15,5,Uttarakhand,0.0,0.0,14.17,0.0,2024,7,15,1,0.0,0.0,0.0,0.0,0.0,116
198625,2024-07-16,5,Uttarakhand,0.0,0.0,11.81,0.0,2024,7,16,1,0.0,0.0,0.0,0.0,0.0,117
198660,2024-07-17,5,Uttarakhand,0.0,0.0,14.57,0.0,2024,7,17,1,0.0,0.0,0.0,0.0,0.0,118
198695,2024-07-18,5,Uttarakhand,0.0,0.0,15.39,0.0,2024,7,18,1,0.0,0.0,0.0,0.0,0.0,119
198730,2024-07-19,5,Uttarakhand,0.0,0.0,14.05,0.0,2024,7,19,1,0.0,0.0,0.0,0.0,0.0,120
198765,2024-07-20,5,Uttarakhand,0.0,0.0,14.19,0.0,2024,7,20,1,0.0,0.0,0.0,0.0,0.0,121
198800,2024-07-21,5,Uttarakhand,0.0,0.0,14.59,0.0,2024,7,21,1,0.0,0.0,0.0,0.0,0.0,122
198835,2024-07-22,5,Uttarakhand,0.0,0.0,11.4,0.0,2024,7,22,1,0.0,0.0,0.0,0.0,0.0,123
198870,2024-07-23,5,Uttarakhand,0.0,0.0,13.8,0.0,2024,7,23,1,0.0,0.0,0.0,0.0,0.0,124
198905,2024-07-24,5,Uttarakhand,0.0,0.0,15.18,0.0,2024,7,24,1,0.0,0.0,0.0,0.0,0.0,125
198940,2024-07-25,5,Uttarakhand,0.0,0.0,16.07,0.0,2024,7,25,1,0.0,0.0,0.0,0.0,0.0,126
198975,2024-07-26,5,Uttarakhand,0.0,0.0,15.53,0.0,2024,7,26,1,0.0,0.0,0.0,0.0,0.0,127
199010,2024-07-27,5,Uttarakhand,0.0,0.0,14.57,0.0,2024,7,27,1,0.0,0.0,0.0,0.0,0.0,128
199045,2024-07-28,5,Uttarakhand,0.0,0.0,13.66,0.0,2024,7,28,1,0.0,0.0,0.0,0.0,0.0,129
199080,2024-07-29,5,Uttarakhand,0.0,0.0,14.08,0.0,2024,7,29,1,0.0,0.0,0.0,0.0,0.0,130
199115,2024-07-30,5,Uttarakhand,0.0,0.0,14.38,0.0,2024,7,30,1,0.0,0.0,0.0,0.0,0.0,131
199150,2024-07-31,5,Uttarakhand,0.0,0.0,14.44,0.0,2024,7,31,1,0.0,0.0,0.0,0.0,0.0,132
198157,2024-07-02,19,West Bengal,0.0,0.0,14.44,0.0,2024,7,2,1,0.0,0.0,0.0,0.0,0.0,103
198192,2024-07-03,19,West Bengal,0.0,0.0,11.61,0.0,2024,7,3,1,0.0,0.0,0.0,0.0,0.0,104
198227,2024-07-04,19,West Bengal,0.0,0.0,12.13,0.0,2024,7,4,1,0.0,0.0,0.0,0.0,0.0,105
198262,2024-07-05,19,West Bengal,0.0,0.0,13.25,0.0,2024,7,5,1,0.0,0.0,0.0,0.0,0.0,106
198297,2024-07-06,19,West Bengal,0.0,0.0,16.29,0.0,2024,7,6,1,0.0,0.0,0.0,0.0,0.0,107
198332,2024-07-07,19,West Bengal,0.0,0.0,11.65,0.0,2024,7,7,1,0.0,0.0,0.0,0.0,0.0,108
198367,2024-07-08,19,West Bengal,0.0,0.0,12.16,0.0,2024,7,8,1,0.0,0.0,0.0,0.0,0.0,109
198402,2024-07-09,19,West Bengal,0.0,0.0,15.1,0.0,2024,7,9,1,0.0,0.0,0.0,0.0,0.0,110
198437,2024-07-10,19,West Bengal,0.0,0.0,14.9,0.0,2024,7,10,1,0.0,0.0,0.0,0.0,0.0,111
198472,2024-07-11,19,West Bengal,0.0,0.0,13.15,0.0,2024,7,11,1,0.0,0.0,0.0,0.0,0.0,112
198507,2024-07-12,19,West Bengal,0.0,0.0,13.34,0.0,2024,7,12,1,0.0,0.0,0.0,0.0,0.0,113
198542,2024-07-13,19,West Bengal,0.0,0.0,10.94,0.0,2024,7,13,1,0.0,0.0,0.0,0.0,0.0,114
198577,2024-07-14,19,West Bengal,0.0,0.0,14.27,0.0,2024,7,14,1,0.0,0.0,0.0,0.0,0.0,115
198612,2024-07-15,19,West Bengal,0.0,0.0,10.35,0.0,2024,7,15,1,0.0,0.0,0.0,0.0,0.0,116
198647,2024-07-16,19,West Bengal,0.0,0.0,12.48,0.0,2024,7,16,1,0.0,0.0,0.0,0.0,0.0,117
198682,2024-07-17,19,West Bengal,0.0,0.0,12.5,0.0,2024,7,17,1,0.0,0.0,0.0,0.0,0.0,118
198717,2024-07-18,19,West Bengal,0.0,0.0,12.67,0.0,2024,7,18,1,0.0,0.0,0.0,0.0,0.0,119
198752,2024-07-19,19,West Bengal,0.0,0.0,11.49,0.0,2024,7,19,1,0.0,0.0,0.0,0.0,0.0,120
198787,2024-07-20,19,West Bengal,0.0,0.0,11.15,0.0,2024,7,20,1,0.0,0.0,0.0,0.0,0.0,121
198822,2024-07-21,19,West Bengal,0.0,0.0,12.02,0.0,2024,7,21,1,0.0,0.0,0.0,0.0,0.0,122
198857,2024-07-22,19,West Bengal,0.0,0.0,12.02,0.0,2024,7,22,1,0.0,0.0,0.0,0.0,0.0,123
198892,2024-07-23,19,West Bengal,0.0,0.0,10.73,0.0,2024,7,23,1,0.0,0.0,0.0,0.0,0.0,124
198927,2024-07-24,19,West Bengal,0.0,0.0,11.4,0.0,2024,7,24,1,0.0,0.0,0.0,0.0,0.0,125
198962,2024-07-25,19,West Bengal,0.0,0.0,13.26,0.0,2024,7,25,1,0.0,0.0,0.0,0.0,0.0,126
198997,2024-07-26,19,West Bengal,0.0,0.0,11.25,0.0,2024,7,26,1,0.0,0.0,0.0,0.0,0.0,127
199032,2024-07-27,19,West Bengal,0.0,0.0,12.64,0.0,2024,7,27,1,0.0,0.0,0.0,0.0,0.0,128
199067,2024-07-28,19,West Bengal,0.0,0.0,14.53,0.0,2024,7,28,1,0.0,0.0,0.0,0.0,0.0,129
199102,2024-07-29,19,West Bengal,0.0,0.0,13.39,0.0,2024,7,29,1,0.0,0.0,0.0,0.0,0.0,130
199137,2024-07-30,19,West Bengal,0.0,0.0,11.83,0.0,2024,7,30,1,0.0,0.0,0.0,0.0,0.0,131
199172,2024-07-31,19,West Bengal,0.0,0.0,12.57,0.0,2024,7,31,1,0.0,0.0,0.0,0.0,0.0,132
